task_id,department,section_id,section_code,from_station_code,from_station_name,to_station_code,to_station_name,defect_type,defect_severity,days_overdue,reported_at,urgency_score,status,section_criticality_score
1,TRACTION_DISTRIBUTION,1862,MEC_MTD,MEC,MERTA CITY,MTD,MERTA ROAD J,Feeder/circuit breaker fault,5,1,2026-08-31 02:47:14.288111,,PENDING,0.4346
2,ENGINEERING,22406,PNME_GAYA,PNME,PARASNATH,GAYA,GAYA JN.,Rail fracture,1,26,2026-08-06 02:11:14.288111,,PENDING,0.2074
3,ENGINEERING,1741,YNG_MBNR,YNG,YENUGONDA HA,MBNR,MAHBUBNAGAR,Fastening/clip failure,2,52,2026-07-11 06:18:14.288111,,PENDING,0.3038
4,ENGINEERING,10540,PASR_CDBH,PASR,PANDURANGA S,CDBH,CANDRABANDA,Rail wear (flange/gauge),3,33,2026-07-29 22:56:14.288111,,PENDING,0.2074
5,SIGNAL_TELECOM,6382,DDE_SNK,DDE,DONDAICHA,SNK,SINDKHEDA,Cable/communication fault,3,9,2026-08-22 21:07:14.288111,,PENDING,0.2616
6,SIGNAL_TELECOM,19378,SA_DPJ,SA,SALEM JN.,DPJ,DHARMAPURI,Level crossing gate fault,2,4,2026-08-27 11:09:14.288111,,PENDING,0.4346
7,SIGNAL_TELECOM,5069,TIL_BEHT,TIL,TILRATH,BEHT,BIHAT HALT,Track circuit failure,4,22,2026-08-09 15:04:14.288111,,PENDING,0.2616
8,ENGINEERING,12907,SPGR_NTR,SPGR,SAMPIGE ROAD,NTR,NITTUR,Rail wear (flange/gauge),3,36,2026-07-27 02:54:14.288111,,PENDING,0.3038
9,SIGNAL_TELECOM,25290,JIND_ROK,JIND,JIND JN,ROK,ROHTAK JN.,Cable/communication fault,5,42,2026-07-21 05:08:14.288111,,PENDING,0.469
10,TRACTION_DISTRIBUTION,763,KTQ_SSM,KTQ,KUDRA,SSM,SASARAM,Mast/structure damage,4,10,2026-08-21 19:12:14.288111,,PENDING,0.4147
11,ENGINEERING,6270,PNP_DWNA,PNP,PANIPAT JN.,DWNA,DIWANA,Weld defect,3,6,2026-08-25 18:15:14.288111,,PENDING,0.4526
12,SIGNAL_TELECOM,26979,TMUR_CI,TMUR,Tenua Dumari,CI,CHHAPRA KACH,Level crossing gate fault,4,16,2026-08-15 23:29:14.288111,,PENDING,0.2074
13,SIGNAL_TELECOM,1157,JOR_MON,JOR,JALOR,MON,MODRAN,Signal aspect failure,2,19,2026-08-12 17:41:14.288111,,PENDING,0.3038
14,TRACTION_DISTRIBUTION,12146,KRR_ED,KRR,KARUR JN.,ED,ERODE JN.,Mast/structure damage,3,0,2026-08-31 20:38:14.288111,,PENDING,0.5111
15,TRACTION_DISTRIBUTION,19040,ON_LJN,ON,UNNAO JN.,LJN,LUCKNOW JN.,Insulator flashover/damage,2,3,2026-08-28 14:27:14.288111,,PENDING,0.4981
16,ENGINEERING,22253,KZJ_SKZR,KZJ,KAZIPET JN.,SKZR,SIRPURKAGHAZ,Ballast degradation,3,32,2026-07-31 05:36:14.288111,,PENDING,0.2616
17,SIGNAL_TELECOM,15922,LNKC_BNDM,LNKC,LINK C-CABIN,BNDM,BONDAMUNDA J,Track circuit failure,3,27,2026-08-04 09:32:14.288111,,PENDING,0.2074
18,SIGNAL_TELECOM,9526,AGN_DNL,AGN,AMGAON,DNL,DHANOLI,Level crossing gate fault,2,15,2026-08-16 16:09:14.288111,,PENDING,0.3382
19,TRACTION_DISTRIBUTION,11760,MAS_BBQ,MAS,CHENNAI CENT,BBQ,BASIN BRIDGE,Feeder/circuit breaker fault,2,1,2026-08-30 11:44:14.288111,,PENDING,0.2074
20,ENGINEERING,15637,GMO_TELO,GMO,NSC BOSE J G,TELO,TELO,Rail fracture,5,0,2026-08-31 19:29:14.288111,,PENDING,0.3673
21,ENGINEERING,11745,KWV_PUNE,KWV,KURDUVADI JN,PUNE,PUNE JN.,Weld defect,1,1,2026-08-30 21:37:14.288111,,PENDING,0.3038
22,SIGNAL_TELECOM,19708,OND_BDO,OND,AUNLAJORI JN,BDO,BAHALDA ROAD,Cable/communication fault,1,3,2026-08-29 06:14:14.288111,,PENDING,0.1308
23,SIGNAL_TELECOM,3384,JAL_SOS,JAL,JAWALI,SOS,SOMESAR,Point machine malfunction,3,6,2026-08-25 23:18:14.288111,,PENDING,0.2616
24,TRACTION_DISTRIBUTION,21888,SZM_NDLS,SZM,SUBZI MANDI,NDLS,NEW DELHI,Pantograph interaction issue,4,1,2026-08-30 18:50:14.288111,,PENDING,0.4841
25,SIGNAL_TELECOM,2926,BBL_JGR,BBL,BALRAI,JGR,JASWANTNAGAR,Cable/communication fault,4,21,2026-08-10 21:21:14.288111,,PENDING,0.3038
26,SIGNAL_TELECOM,13601,ALMW_AHM,ALMW,ALMAW (HALT),AHM,AHIMANPUR,Signal aspect failure,4,33,2026-07-29 08:47:14.288111,,PENDING,0.3038
27,TRACTION_DISTRIBUTION,12335,VJPJ_SMBX,VJPJ,VIJAYPUR JAM,SMBX,SAMBA,Insulator flashover/damage,3,1,2026-08-30 12:04:14.288111,,PENDING,0.4147
28,SIGNAL_TELECOM,26231,BG_SC,BG,BHONGIR,SC,SECUNDERABAD,Track circuit failure,5,0,2026-09-01 02:16:14.288111,,PENDING,0.3673
29,SIGNAL_TELECOM,6614,JEA_MIM,JEA,NAKAHA JUNGL,MIM,MANIRAM,Signal aspect failure,3,3,2026-08-28 07:30:14.288111,,PENDING,0.469
30,TRACTION_DISTRIBUTION,4284,AVD_PRES,AVD,AVADI,PRES,PATTABIRAM E,OHE wire wear/breakage,3,18,2026-08-13 18:31:14.288111,,PENDING,0.6149
31,ENGINEERING,20825,SLKN_SNP,SLKN,SANDAL KALAN,SNP,SONIPAT,Rail wear (flange/gauge),5,34,2026-07-28 13:50:14.288111,,PENDING,0.4526
32,ENGINEERING,19382,DAL_LC,DAL,DALIGANJ JN,LC,LUCKNOW CITY,Weld defect,3,31,2026-07-31 16:51:14.288111,,PENDING,0.3038
33,SIGNAL_TELECOM,11182,POK_RDRA,POK,POKARAN,RDRA,RAMDEVRA,Cable/communication fault,4,11,2026-08-20 21:27:14.288111,,PENDING,0.2616
34,TRACTION_DISTRIBUTION,15302,DURG_BQR,DURG,DURG,BQR,BHILAINAGAR,Pantograph interaction issue,4,0,2026-08-31 11:39:14.288111,,PENDING,0.5233
35,SIGNAL_TELECOM,26756,TP_TPJ,TP,TIRUCHIRAPPA,TPJ,TIRUCHIRAPPA,Signal aspect failure,3,6,2026-08-25 21:28:14.288111,,PENDING,0.2616
36,TRACTION_DISTRIBUTION,10599,YG_TGDE,YG,YADGIR,TGDE,THANGUNDI,Insulator flashover/damage,3,17,2026-08-14 09:59:14.288111,,PENDING,0.1308
37,SIGNAL_TELECOM,11233,MB_HW,MB,MORADABAD JN,HW,HARIDWAR JN,Signal aspect failure,1,30,2026-08-01 16:17:14.288111,,PENDING,0.2074
38,TRACTION_DISTRIBUTION,6196,DWX_BLAX,DWX,DEWAS,BLAX,BARLAI,Insulator flashover/damage,5,0,2026-08-31 12:23:14.288111,,PENDING,0.3038
39,SIGNAL_TELECOM,13026,GNT_PGRL,GNT,GUNTUR JN.,PGRL,PIDUGURALLA,Track circuit failure,5,6,2026-08-26 00:24:14.288111,,PENDING,0.2074
40,TRACTION_DISTRIBUTION,873,RNV_DQN,RNV,RANIWARA,DQN,DHANERA,Traction substation fault,3,29,2026-08-03 01:31:14.288111,,PENDING,0.3038
41,SIGNAL_TELECOM,5695,FZR_FDK,FZR,FIROZPUR CANTT JN.,FDK,FARIDKOT,Level crossing gate fault,4,40,2026-07-22 12:38:14.288111,,PENDING,0.4147
42,TRACTION_DISTRIBUTION,21364,KIN_COR,KIN,KAPASAN,COR,CHITTAURGARH,Feeder/circuit breaker fault,2,13,2026-08-19 02:48:14.288111,,PENDING,0.3673
43,SIGNAL_TELECOM,6708,KLGN_RASP,KLGN,KALANGANI,RASP,RASIPURAM,Interlocking fault,4,53,2026-07-09 22:04:14.288111,,PENDING,0.2074
44,SIGNAL_TELECOM,27764,SIR_GVG,SIR,SIRHIND JN.,GVG,MANDI GOBIND,Signal aspect failure,3,0,2026-08-31 15:15:14.288111,,PENDING,0.4147
45,ENGINEERING,5976,SKIP_BRMA,SKIP,SHIKARIPARA,BRMA,BARMASIA,Weld defect,4,13,2026-08-18 09:51:14.288111,,PENDING,0.1308
46,TRACTION_DISTRIBUTION,19497,DKC_KTKA,DKC,DEVARKADRE,KTKA,KOTAKADRA HA,Pantograph interaction issue,5,12,2026-08-19 18:45:14.288111,,PENDING,0.3038
47,TRACTION_DISTRIBUTION,8297,BSBR_MRR,BSBR,BANSHLAI BRI,MRR,MURARAI,Feeder/circuit breaker fault,4,10,2026-08-21 15:32:14.288111,,PENDING,0.4526
48,SIGNAL_TELECOM,18144,CHJ_KSV,CHJ,CHATA,KSV,KOSI KALAN,Level crossing gate fault,3,28,2026-08-03 16:48:14.288111,,PENDING,0.4526
49,SIGNAL_TELECOM,25015,DHK_BLN,DHK,DHAKURIA,BLN,BALLYGUNGE J,Point machine malfunction,4,5,2026-08-27 00:11:14.288111,,PENDING,0.8872
50,SIGNAL_TELECOM,18283,JRL_CKD,JRL,JHARLI,CKD,CHARKHI DADR,Track circuit failure,3,15,2026-08-17 06:24:14.288111,,PENDING,0.3038
51,SIGNAL_TELECOM,19657,DSO_PAE,DSO,DESHNOKE,PAE,PALANA,Interlocking fault,4,0,2026-08-31 15:45:14.288111,,PENDING,0.2074
52,SIGNAL_TELECOM,15963,ADL_SEL,ADL,ANDUL,SEL,SANKRAIL,Point machine malfunction,3,19,2026-08-12 12:13:14.288111,,PENDING,0.7529
53,ENGINEERING,24808,BO_DOW,BO,BORSAD,DOW,DAVOL,Rail wear (flange/gauge),4,12,2026-08-19 12:31:14.288111,,PENDING,0.2074
54,SIGNAL_TELECOM,21378,MLV_TPF,MLV,MALLARPUR,TPF,TARAPITH ROA,Signal aspect failure,3,2,2026-08-30 03:19:14.288111,,PENDING,0.469
55,TRACTION_DISTRIBUTION,18122,SDBH_SNMY,SDBH,SINDRI B.H,SNMY,SINDRI MARSH,Feeder/circuit breaker fault,4,1,2026-08-30 08:30:14.288111,,PENDING,0.2616
56,SIGNAL_TELECOM,11320,BBA_BHKL,BBA,BABRALA,BHKL,BHAKRAULI,Track circuit failure,4,11,2026-08-20 08:21:14.288111,,PENDING,0.2616
57,ENGINEERING,9933,ANND_VDA,ANND,ANAND JN.,VDA,VASAD JN.,Ballast degradation,3,3,2026-08-29 07:04:14.288111,,PENDING,0.3038
58,TRACTION_DISTRIBUTION,21131,GHH_STKW,GHH,GARHI HARSAR,STKW,SULTANPUR KA,Feeder/circuit breaker fault,4,50,2026-07-12 12:54:14.288111,,PENDING,0.3673
59,SIGNAL_TELECOM,4865,GAQ_CDMR,GAQ,GANJ  KHWAJA,CDMR,CHANDAULI MA,Level crossing gate fault,2,20,2026-08-11 15:06:14.288111,,PENDING,0.3038
60,SIGNAL_TELECOM,20549,BTPD_BDCR,BTPD,BETHAMPURDI,BDCR,BHADRACHALAM,Cable/communication fault,2,2,2026-08-30 04:53:14.288111,,PENDING,0.3673
61,SIGNAL_TELECOM,21296,AME_TLKH,AME,AMETHI,TLKH,TALAKHAJURI,Interlocking fault,4,27,2026-08-04 09:42:14.288111,,PENDING,0.3382
62,TRACTION_DISTRIBUTION,2447,BNGY_BV,BNGY,BABHANJYOTIY,BV,BABHNAN,Feeder/circuit breaker fault,2,7,2026-08-24 09:46:14.288111,,PENDING,0.1308
63,SIGNAL_TELECOM,22039,DGR_UDL,DGR,DURGAPUR,UDL,ANDAL JN.,Point machine malfunction,1,10,2026-08-22 04:44:14.288111,,PENDING,0.3925
64,SIGNAL_TELECOM,3214,KBP_ETUE,KBP,KUBERPUR,ETUE,ETMADPUR,Track circuit failure,1,11,2026-08-21 02:25:14.288111,,PENDING,0.2616
65,SIGNAL_TELECOM,24832,BVC_SGD,BVC,BHAVNAGAR TE,SGD,SONGADH,Interlocking fault,3,3,2026-08-28 22:55:14.288111,,PENDING,0.1308
66,TRACTION_DISTRIBUTION,21515,STPD_MJF,STPD,SITAFALMANDI,MJF,MALKAJGIRI,Traction substation fault,1,17,2026-08-14 12:24:14.288111,,PENDING,0.3382
67,ENGINEERING,6807,KRMA_MZC,KRMA,KARAMTOLLA,MZC,MIRZA-CHEUKI,Weld defect,5,9,2026-08-22 11:40:14.288111,,PENDING,0.3673
68,TRACTION_DISTRIBUTION,5800,KLE_KIY,KLE,KAITHAL,KIY,KALAYAT,OHE wire wear/breakage,3,11,2026-08-20 20:03:14.288111,,PENDING,0.1308
69,TRACTION_DISTRIBUTION,22086,SAU_CE,SAU,SANAND,CE,CHHARODI,Mast/structure damage,1,7,2026-08-25 05:09:14.288111,,PENDING,0.3038
70,SIGNAL_TELECOM,25267,LDK_BVW,LDK,LADHUKA,BVW,BAHMNIWALA,Interlocking fault,3,10,2026-08-21 12:13:14.288111,,PENDING,0.3382
71,TRACTION_DISTRIBUTION,25696,RE_KORI,RE,REWARI JN.,KORI,KHORI,Mast/structure damage,1,26,2026-08-05 09:44:14.288111,,PENDING,0.2616
72,SIGNAL_TELECOM,10091,RAIR_ANGL,RAIR,RAIRAKHOL,ANGL,ANGUL,Cable/communication fault,4,49,2026-07-14 03:28:14.288111,,PENDING,0.2616
73,SIGNAL_TELECOM,5874,PKBS_FL,PKBS,PEEPLEE - KA,FL,PHULERA JN.,Track circuit failure,2,25,2026-08-06 14:31:14.288111,,PENDING,0.2616
74,ENGINEERING,2347,WFD_JTJ,WFD,WHITE FIELD,JTJ,JOLARPETTAI,Track geometry deviation (twist/alignment),4,29,2026-08-02 09:12:14.288111,,PENDING,0.1308
75,ENGINEERING,26117,TDPR_SY,TDPR,TIRUPPADIRIP,SY,SIRKAZHI,Fastening/clip failure,4,2,2026-08-30 07:02:14.288111,,PENDING,0.1308
76,ENGINEERING,13656,JAM_HAPA,JAM,JAMNAGAR,HAPA,HAPA,Rail wear (flange/gauge),3,7,2026-08-24 17:37:14.288111,,PENDING,0.6289
77,ENGINEERING,10643,VKB_SC,VKB,VIKRABAD JN.,SC,SECUNDERABAD,Track geometry deviation (twist/alignment),3,8,2026-08-23 18:24:14.288111,,PENDING,0.2074
78,TRACTION_DISTRIBUTION,4607,SOM_KLA,SOM,SOMNA,KLA,KULWA,Traction substation fault,4,1,2026-08-30 22:09:14.288111,,PENDING,0.3925
79,TRACTION_DISTRIBUTION,3427,GTLM_GRBL,GTLM,GOTLAM,GRBL,GARUDABILLI,Traction substation fault,3,6,2026-08-26 01:07:14.288111,,PENDING,0.3038
80,SIGNAL_TELECOM,27525,JER_KGP,JER,JALESWAR,KGP,KHARAGPUR,Cable/communication fault,3,14,2026-08-17 20:00:14.288111,,PENDING,0.4526
81,SIGNAL_TELECOM,12805,JTP_VVD,JTP,JETPUR,VVD,VAVDI,Track circuit failure,1,9,2026-08-22 10:34:14.288111,,PENDING,0.2074
82,TRACTION_DISTRIBUTION,910,PDT_SCM,PDT,PENDURTI,SCM,SIMHACHALAM,Pantograph interaction issue,4,4,2026-08-27 17:24:14.288111,,PENDING,0.1308
83,TRACTION_DISTRIBUTION,13168,LAL_BDDR,LAL,LUSHALA,BDDR,BADODAR,Traction substation fault,4,3,2026-08-28 16:55:14.288111,,PENDING,0.3038
84,ENGINEERING,13460,LKR_KIUL,LKR,LUCKEESARAI,KIUL,KIUL JN.,Weld defect,4,3,2026-08-28 22:29:14.288111,,PENDING,0.6815
85,SIGNAL_TELECOM,4883,CNDM_KLK,CNDM,CHANDI MANDI,KLK,KALKA,Signal aspect failure,2,32,2026-07-30 12:06:14.288111,,PENDING,0.3382
86,SIGNAL_TELECOM,8115,MGT_UTN,MGT,MAGRAHAT,UTN,UTTAR RADHAN,Point machine malfunction,2,7,2026-08-25 01:03:14.288111,,PENDING,0.6289
87,SIGNAL_TELECOM,27841,MYA_S,MYA,MANDYA,S,SRIRANGAPATT,Level crossing gate fault,5,3,2026-08-28 20:18:14.288111,,PENDING,0.1308
88,SIGNAL_TELECOM,1697,KUH_RTM,KUH,KHACHROD,RTM,RATLAM JN,Signal aspect failure,5,19,2026-08-12 23:10:14.288111,,PENDING,0.469
89,TRACTION_DISTRIBUTION,16321,GOY_PNK,GOY,GOVINDPURI,PNK,PANKI,Mast/structure damage,4,26,2026-08-05 23:57:14.288111,,PENDING,0.3382
90,TRACTION_DISTRIBUTION,8515,PPS_BRL,PPS,PIPLIYA ROAD,BRL,BARWALAROAD,Insulator flashover/damage,3,3,2026-08-29 04:36:14.288111,,PENDING,0.1308
91,ENGINEERING,24624,MAF_TO,MAF,MANAVUR,TO,TIRUVALANGAD,Track geometry deviation (twist/alignment),3,19,2026-08-13 05:02:14.288111,,PENDING,0.6075
92,TRACTION_DISTRIBUTION,18786,NHK_DJG,NHK,NAHARKATIYA,DJG,DULIAJAN,Insulator flashover/damage,4,14,2026-08-17 11:01:14.288111,,PENDING,0.3382
93,SIGNAL_TELECOM,18714,TLD_BKTH,TLD,TILDA,BKTH,BAIKUNTH,Level crossing gate fault,4,8,2026-08-23 22:11:14.288111,,PENDING,0.3382
94,SIGNAL_TELECOM,9492,CKKD_SGBJ,CKKD,CHARKEDA KHU,SGBJ,SURGAON BANJ,Signal aspect failure,2,9,2026-08-22 15:49:14.288111,,PENDING,0.2074
95,TRACTION_DISTRIBUTION,4753,MWC_TKJ,MWC,MANDAWALI CH,TKJ,TILAK BRIDGE,Insulator flashover/damage,4,18,2026-08-13 10:33:14.288111,,PENDING,0.4981
96,SIGNAL_TELECOM,27208,BJF_SBE,BJF,BIJNI,SBE,SORBHOG,Cable/communication fault,3,4,2026-08-27 17:52:14.288111,,PENDING,0.2074
97,SIGNAL_TELECOM,11928,HRO_KMZA,HRO,HARUA ROAD,KMZA,KANKRA MIRZA,Interlocking fault,4,21,2026-08-11 03:20:14.288111,,PENDING,0.5918
98,ENGINEERING,13061,SPQ_PBL,SPQ,SORUPETA,PBL,PATHSHALA,Rail fracture,1,44,2026-07-18 08:10:14.288111,,PENDING,0.3673
99,SIGNAL_TELECOM,6637,WRR_WR,WRR,WARORA,WR,WARDHA JN.,Interlocking fault,2,10,2026-08-22 04:47:14.288111,,PENDING,0.1308
100,SIGNAL_TELECOM,22515,BZA_NLR,BZA,VIJAYWADA JN,NLR,NELLORE,Signal aspect failure,5,16,2026-08-15 22:12:14.288111,,PENDING,0.4346
101,SIGNAL_TELECOM,2317,TRL_PTLR,TRL,TIRUVALLUR,PTLR,PUTTLUR,Cable/communication fault,4,24,2026-08-07 21:13:14.288111,,PENDING,0.779
102,ENGINEERING,2975,SPP_HJP,SPP,SHAHPUR PATO,HJP,HAJIPUR JN.,Formation/subgrade issue,5,2,2026-08-29 15:04:14.288111,,PENDING,0.2074
103,TRACTION_DISTRIBUTION,9769,NPS_BLSR,NPS,NAPASAR,BLSR,BELASAR  HAL,Insulator flashover/damage,2,6,2026-08-25 23:20:14.288111,,PENDING,0.3038
104,TRACTION_DISTRIBUTION,15572,SGO_DMO,SGO,SAUGOR,DMO,DAMOH,Feeder/circuit breaker fault,4,29,2026-08-03 02:22:14.288111,,PENDING,0.5918
105,TRACTION_DISTRIBUTION,18046,NRX_GKH,NRX,NOADAR DHAL,GKH,GUSKARA,Feeder/circuit breaker fault,2,65,2026-06-27 13:17:14.288111,,PENDING,0.4526
106,ENGINEERING,22980,LT_AV,LT,LAHAVIT,AV,ASVALI,Track geometry deviation (twist/alignment),4,9,2026-08-22 12:42:14.288111,,PENDING,0.2074
107,TRACTION_DISTRIBUTION,14128,BRZ_JHL,BRZ,BARETA,JHL,JAKHAL JN.,Mast/structure damage,5,13,2026-08-19 00:03:14.288111,,PENDING,0.2616
108,TRACTION_DISTRIBUTION,3177,URK_MDH,URK,URKURA,MDH,MANDHAR,Traction substation fault,3,12,2026-08-20 05:57:14.288111,,PENDING,0.3925
109,SIGNAL_TELECOM,18198,CRLM_HSRA,CRLM,CARMELARAM,HSRA,HOSUR,Point machine malfunction,4,23,2026-08-08 08:46:14.288111,,PENDING,0.2616
110,TRACTION_DISTRIBUTION,8481,CDG_UMB,CDG,CHANDIGARH,UMB,AMBALA CANTT JN,Traction substation fault,5,10,2026-08-22 05:24:14.288111,,PENDING,0.5998
111,ENGINEERING,8398,GAW_JKNI,GAW,GAINJAHWA,JKNI,JHARKHANDI F,Weld defect,1,30,2026-08-02 05:53:14.288111,,PENDING,0.3038
112,TRACTION_DISTRIBUTION,27505,JNA_JJT,JNA,JULANA,JJT,JAI JAI WANT,Feeder/circuit breaker fault,3,25,2026-08-06 08:43:14.288111,,PENDING,0.3925
113,TRACTION_DISTRIBUTION,27646,DRH_JMP,DRH,DHARHARA,JMP,JAMALPUR JN.,Feeder/circuit breaker fault,4,12,2026-08-20 05:49:14.288111,,PENDING,0.3382
114,SIGNAL_TELECOM,25687,ASK_TTR,ASK,ARSIKERE JN.,TTR,TIPTUR,Level crossing gate fault,2,12,2026-08-20 00:36:14.288111,,PENDING,0.5557
115,SIGNAL_TELECOM,26514,TATA_ASB,TATA,TATANAGAR JN,ASB,ASANBONI,Cable/communication fault,3,26,2026-08-05 09:39:14.288111,,PENDING,0.2616
116,ENGINEERING,10282,JAT_BLA,JAT,JAMMU TAWI,BLA,BAJALTA,Track geometry deviation (twist/alignment),3,12,2026-08-19 20:13:14.288111,,PENDING,0.3038
117,ENGINEERING,26678,BRYA_KIUL,BRYA,BARHIYA,KIUL,KIUL JN.,Weld defect,3,19,2026-08-13 03:01:14.288111,,PENDING,0.3038
118,ENGINEERING,6485,KJM_HDIH,KJM,KRISHNA RAJA,HDIH,HOODI,Ballast degradation,2,22,2026-08-10 06:54:14.288111,,PENDING,0.4981
119,SIGNAL_TELECOM,23312,PHD_BNT,PHD,PHAPHUND,BNT,BHARTHANA,Cable/communication fault,5,0,2026-08-31 21:24:14.288111,,PENDING,0.3673
120,ENGINEERING,2143,DCU_PCL,DCU,DAMALACHERUV,PCL,PULICHERLA,Track geometry deviation (twist/alignment),3,6,2026-08-25 09:00:14.288111,,PENDING,0.1308
121,ENGINEERING,12409,CTA_RRB,CTA,CHITRADURG,RRB,BIRUR JN.,Ballast degradation,4,5,2026-08-27 03:01:14.288111,,PENDING,0.1308
122,TRACTION_DISTRIBUTION,12042,JNH_BOY,JNH,JANGHAI JN.,BOY,BHADOHI,OHE wire wear/breakage,4,11,2026-08-20 09:02:14.288111,,PENDING,0.4346
123,ENGINEERING,23569,ABP_GGJ,ABP,AKBARPUR JN.,GGJ,GOSHAINGANJ,Formation/subgrade issue,3,8,2026-08-23 16:24:14.288111,,PENDING,0.469
124,SIGNAL_TELECOM,8916,AST_PWL,AST,ASAOTI,PWL,PALWAL,Track circuit failure,3,4,2026-08-27 19:14:14.288111,,PENDING,0.5998
125,SIGNAL_TELECOM,25673,BQQ_REI,BQQ,BAKHLETA,REI,RITHI,Track circuit failure,4,18,2026-08-13 10:47:14.288111,,PENDING,0.2616
126,ENGINEERING,15349,BGM_DWR,BGM,BELGAUM,DWR,DHARWAD,Rail fracture,4,1,2026-08-30 11:08:14.288111,,PENDING,0.3382
127,TRACTION_DISTRIBUTION,12643,RDM_MCI,RDM,RAMGUNDAM,MCI,MANCHIRYAL,Mast/structure damage,1,24,2026-08-07 15:53:14.288111,,PENDING,0.5834
128,ENGINEERING,4887,BBW_PPC,BBW,BODARWAR,PPC,PIPRAICH,Rail wear (flange/gauge),1,23,2026-08-08 10:37:14.288111,,PENDING,0.2616
129,SIGNAL_TELECOM,10474,PPR_RKB,PPR,PIPAR ROAD J,RKB,RAIKA BAGH P,Interlocking fault,1,1,2026-08-31 01:37:14.288111,,PENDING,0.1308
130,TRACTION_DISTRIBUTION,6767,VZM_VBL,VZM,VIZIANAGARAM,VBL,BOBBILI JN.,Insulator flashover/damage,4,5,2026-08-26 18:40:14.288111,,PENDING,0.4841
131,SIGNAL_TELECOM,7078,TETA_SUD,TETA,TELTA,SUD,SUDHANI,Cable/communication fault,2,12,2026-08-19 21:49:14.288111,,PENDING,0.3382
132,SIGNAL_TELECOM,9745,SEO_MB,SEO,SEOHARA,MB,MORADABAD JN,Point machine malfunction,2,14,2026-08-17 21:59:14.288111,,PENDING,0.2074
133,SIGNAL_TELECOM,8157,DMM_ATP,DMM,DHARMAVARAM,ATP,ANANTAPUR,Track circuit failure,3,2,2026-08-29 23:47:14.288111,,PENDING,0.6915
134,TRACTION_DISTRIBUTION,19295,KIRP_PPGT,KIRP,KHIDIRPUR,PPGT,PRINCEP GHAT,Insulator flashover/damage,1,1,2026-08-30 08:18:14.288111,,PENDING,0.4981
135,ENGINEERING,4130,MR_SDB,MR,MARTUR,SDB,SHAHABAD,Track geometry deviation (twist/alignment),3,9,2026-08-23 03:58:14.288111,,PENDING,0.3673
136,ENGINEERING,25503,AUBR_JHN,AUBR,ANUGRAH NARA,JHN,JAKHIM,Track geometry deviation (twist/alignment),2,19,2026-08-12 13:11:14.288111,,PENDING,0.2074
137,TRACTION_DISTRIBUTION,4615,KGBS_RE,KGBS,KISHANGARH B,RE,REWARI JN.,Insulator flashover/damage,2,12,2026-08-19 19:20:14.288111,,PENDING,0.4147
138,TRACTION_DISTRIBUTION,15861,ZN_PBP,ZN,JANGAON,PBP,PEMBARTI,Mast/structure damage,5,26,2026-08-05 15:59:14.288111,,PENDING,0.3382
139,ENGINEERING,23456,MAR_KPN,MAR,MULANUR,KPN,KUPPAM,Rail fracture,3,20,2026-08-11 09:53:14.288111,,PENDING,0.2074
140,ENGINEERING,8255,NRW_DHY,NRW,NARWANA JN.,DHY,DHARODI,Fastening/clip failure,3,13,2026-08-18 16:12:14.288111,,PENDING,0.3038
141,ENGINEERING,24040,ACOI_SRJ,ACOI,CHHEOKI,SRJ,SHANKARGARH,Weld defect,1,10,2026-08-21 22:44:14.288111,,PENDING,0.3673
142,ENGINEERING,12710,MWM_YPR,MWM,MALLESWARAM,YPR,YESVANTPUR J,Weld defect,2,1,2026-08-31 07:00:14.288111,,PENDING,0.4981
143,ENGINEERING,20495,PATM_JMP,PATM,PATAM,JMP,JAMALPUR JN.,Weld defect,3,18,2026-08-14 07:00:14.288111,,PENDING,0.3038
144,TRACTION_DISTRIBUTION,15192,BHK_SWRT,BHK,BADHARI KALA,SWRT,SAHAWAR TOWN,OHE wire wear/breakage,3,2,2026-08-30 01:39:14.288111,,PENDING,0.2616
145,TRACTION_DISTRIBUTION,135,BBJ_NPR,BBJ,BABAGANJ HAL,NPR,NEPALGANJ ROAD,Insulator flashover/damage,2,16,2026-08-16 00:27:14.288111,,PENDING,0.2616
146,ENGINEERING,12518,NBPH_SGV,NBPH,NEW BALRAMPU,SGV,SARGACHNI,Fastening/clip failure,4,5,2026-08-26 16:03:14.288111,,PENDING,0.3925
147,SIGNAL_TELECOM,14872,PAY_CHV,PAY,PAYYANUR,CHV,CHERVATTUR,Track circuit failure,4,22,2026-08-09 20:47:14.288111,,PENDING,0.3673
148,TRACTION_DISTRIBUTION,18412,DTR_SNKX,DTR,DHAMTARI,SNKX,SANKRA   HAL,Pantograph interaction issue,3,27,2026-08-04 22:14:14.288111,,PENDING,0.2616
149,SIGNAL_TELECOM,9534,BRND_BJRI,BRND,BORIDAND,BJRI,BIJURI,Level crossing gate fault,1,3,2026-08-29 00:31:14.288111,,PENDING,0.4346
150,ENGINEERING,21632,LLJ_NHF,LLJ,LALGANJ,NHF,NIHASTA HALT,Weld defect,3,42,2026-07-20 09:46:14.288111,,PENDING,0.3382
151,TRACTION_DISTRIBUTION,25195,PRZ_MHBG,PRZ,PARSA,MHBG,MAHADEVA  BU,Insulator flashover/damage,2,19,2026-08-12 19:54:14.288111,,PENDING,0.3382
152,SIGNAL_TELECOM,13644,SHRG_GAMI,SHRG,SHRI RAMGARH,GAMI,GOGAMERI,Track circuit failure,4,15,2026-08-16 08:29:14.288111,,PENDING,0.1308
153,ENGINEERING,13246,KXA_KDL,KXA,KUNARIYA,KDL,KANKROLI,Weld defect,3,11,2026-08-20 20:27:14.288111,,PENDING,0.2074
154,ENGINEERING,19393,SHE_DEA,SHE,SEORAPHULI J,DEA,DIARA,Rail fracture,3,24,2026-08-07 10:32:14.288111,,PENDING,0.671
155,TRACTION_DISTRIBUTION,16102,BDBG_MKS,BDBG,BADHAI BALAM,MKS,MUKTSAR,OHE wire wear/breakage,5,1,2026-08-31 01:41:14.288111,,PENDING,0.3382
156,SIGNAL_TELECOM,5206,CKNI_WRR,CKNI,CHIKNI ROAD,WRR,WARORA,Point machine malfunction,4,0,2026-08-31 10:20:14.288111,,PENDING,0.2074
157,ENGINEERING,17010,NDPR_KNJJ,NDPR,NANDAPUR,KNJJ,KANNJARA HAL,Rail wear (flange/gauge),1,3,2026-08-28 08:39:14.288111,,PENDING,0.2616
158,ENGINEERING,6812,TTL_VPT,TTL,TIRUTTANGAL,VPT,VIRUDUNAGAR,Weld defect,2,0,2026-08-31 16:06:14.288111,,PENDING,0.3382
159,SIGNAL_TELECOM,14802,RCTC_GRKN,RCTC,RAGHUNATHPUR,GRKN,GORAKHNATH,Point machine malfunction,4,12,2026-08-20 01:56:14.288111,,PENDING,0.1308
160,TRACTION_DISTRIBUTION,26191,DZL_BNW,DZL,DHANA LADANP,BNW,BHIWANI JN.,Mast/structure damage,3,0,2026-08-31 22:53:14.288111,,PENDING,0.2616
161,TRACTION_DISTRIBUTION,5110,ADI_SBI,ADI,AHMEDABAD,SBI,SABARMATI JN,Mast/structure damage,3,14,2026-08-18 05:23:14.288111,,PENDING,0.6075
162,ENGINEERING,23102,HSR_SSA,HSR,HISAR JN,SSA,SIRSA,Ballast degradation,3,3,2026-08-28 13:50:14.288111,,PENDING,0.2616
163,TRACTION_DISTRIBUTION,22840,KKET_TTLA,KKET,KAMRUP KHETR,TTLA,TETELIA,OHE wire wear/breakage,4,36,2026-07-26 22:16:14.288111,,PENDING,0.2074
164,SIGNAL_TELECOM,7956,JNN_MHQ,JNN,JAMUNIATANR,MHQ,MOHUDA,Track circuit failure,3,24,2026-08-07 22:21:14.288111,,PENDING,0.2074
165,SIGNAL_TELECOM,10643,VKB_SC,VKB,VIKRABAD JN.,SC,SECUNDERABAD,Level crossing gate fault,4,43,2026-07-20 02:56:14.288111,,PENDING,0.2074
166,ENGINEERING,27219,MDU_VPT,MDU,MADURAI JN,VPT,VIRUDUNAGAR,Formation/subgrade issue,4,2,2026-08-29 20:01:14.288111,,PENDING,0.5998
167,ENGINEERING,25599,CKI_AFK,CKI,CHALAKUDI,AFK,ANGAMALI (FO,Track geometry deviation (twist/alignment),4,2,2026-08-30 05:27:14.288111,,PENDING,0.5111
168,SIGNAL_TELECOM,6492,RWA_RNX,RWA,RAUTARA,RNX,RANIPATRA,Point machine malfunction,4,9,2026-08-22 15:04:14.288111,,PENDING,0.3925
169,ENGINEERING,17374,SLGR_SRTN,SLGR,SIMALUGURI J,SRTN,SIBSAGAR TOW,Ballast degradation,4,0,2026-09-01 06:47:14.288111,,PENDING,0.3038
170,TRACTION_DISTRIBUTION,9744,PAVP_TOU,PAVP,PEDDA AVUTAP,TOU,TELAPROLU,OHE wire wear/breakage,1,7,2026-08-24 16:04:14.288111,,PENDING,0.3382
171,SIGNAL_TELECOM,4553,ADI_MHD,ADI,AHMEDABAD,MHD,MAHEMADAVAD,Cable/communication fault,3,1,2026-08-31 03:12:14.288111,,PENDING,0.3038
172,TRACTION_DISTRIBUTION,20148,BTP_JLL,BTP,BABATPUR,JLL,JALALGANJ,OHE wire wear/breakage,3,41,2026-07-21 08:08:14.288111,,PENDING,0.2074
173,TRACTION_DISTRIBUTION,27654,GVG_SIR,GVG,MANDI GOBIND,SIR,SIRHIND JN.,Feeder/circuit breaker fault,5,17,2026-08-14 20:59:14.288111,,PENDING,0.4147
174,TRACTION_DISTRIBUTION,6302,KBR_MTH,KBR,KABRAI,MTH,MATAUNDH,Feeder/circuit breaker fault,2,19,2026-08-12 23:15:14.288111,,PENDING,0.3038
175,ENGINEERING,24062,KGP_TATA,KGP,KHARAGPUR,TATA,TATANAGAR JN,Formation/subgrade issue,5,10,2026-08-21 23:57:14.288111,,PENDING,0.5834
176,SIGNAL_TELECOM,6420,LMNR_INDB,LMNR,LAXMIBAINAGA,INDB,INDORE BG,Signal aspect failure,3,8,2026-08-23 21:47:14.288111,,PENDING,0.4346
177,SIGNAL_TELECOM,28033,BRJ_SSP,BRJ,BRACE BRIDGE,SSP,SANTOSH PUR,Interlocking fault,4,22,2026-08-10 01:52:14.288111,,PENDING,0.6541
178,SIGNAL_TELECOM,21557,AGC_DSJ,AGC,AGRA CANTT,DSJ,DELHI-SAFDAR,Signal aspect failure,2,1,2026-08-31 01:54:14.288111,,PENDING,0.2074
179,SIGNAL_TELECOM,26389,DEC_PTNR,DEC,DELHI CANTT,PTNR,PATEL NAGAR,Level crossing gate fault,5,0,2026-08-31 14:50:14.288111,,PENDING,0.4981
180,SIGNAL_TELECOM,19258,BPGR_PATR,BPGR,BENIPURGRAM,PATR,PARAMJEEVAR,Level crossing gate fault,4,22,2026-08-09 16:49:14.288111,,PENDING,0.1308
181,ENGINEERING,6428,JWP_HW,JWP,JWALAPUR,HW,HARIDWAR JN,Track geometry deviation (twist/alignment),3,1,2026-08-30 12:57:14.288111,,PENDING,0.469
182,TRACTION_DISTRIBUTION,11378,BAO_NUB,BAO,BANMORE,NUB,NURABAD,Pantograph interaction issue,2,1,2026-08-30 11:00:14.288111,,PENDING,0.2616
183,SIGNAL_TELECOM,23096,ET_BZU,ET,ITARSI,BZU,BETUL,Point machine malfunction,1,1,2026-08-30 16:18:14.288111,,PENDING,0.5654
184,ENGINEERING,13890,MSB_MSF,MSB,CHENNAI BEAC,MSF,CHENNAI FORT,Track geometry deviation (twist/alignment),3,12,2026-08-19 14:17:14.288111,,PENDING,0.93
185,ENGINEERING,18159,KNJI_NCP,KNJI,KARANJALI,NCP,NISCHINDAPUR,Fastening/clip failure,4,5,2026-08-27 04:40:14.288111,,PENDING,0.5233
186,TRACTION_DISTRIBUTION,27915,KPB_BRU,KPB,KHARPOKHRA,BRU,BIHAIROGANJ,OHE wire wear/breakage,2,7,2026-08-24 07:27:14.288111,,PENDING,0.3382
187,TRACTION_DISTRIBUTION,24901,BRD_G,BRD,BHANDARA RD,G,GONDIA JN.,Pantograph interaction issue,3,4,2026-08-28 05:34:14.288111,,PENDING,0.3038
188,ENGINEERING,10340,TTR_BNK,TTR,TIPTUR,BNK,BANASANKARI,Fastening/clip failure,3,21,2026-08-10 09:03:14.288111,,PENDING,0.3038
189,TRACTION_DISTRIBUTION,18611,RUSD_MFP,RUSD,RUNNIASAIDPU,MFP,MUZAFFARPUR,OHE wire wear/breakage,2,6,2026-08-25 19:09:14.288111,,PENDING,0.2616
190,SIGNAL_TELECOM,13180,TDPR_VM,TDPR,TIRUPPADIRIP,VM,VILLUPURAM J,Signal aspect failure,3,15,2026-08-17 06:53:14.288111,,PENDING,0.469
191,SIGNAL_TELECOM,6242,MSMD_R,MSMD,MAHASAMUND,R,RAIPUR JN.,Track circuit failure,3,22,2026-08-10 06:56:14.288111,,PENDING,0.4981
192,TRACTION_DISTRIBUTION,1672,MRT_HTC,MRT,MATHURA CANT,HTC,HATHRAS CITY,Mast/structure damage,2,6,2026-08-26 03:22:14.288111,,PENDING,0.3382
193,SIGNAL_TELECOM,2411,TLRA_BLDL,TLRA,TALARA,BLDL,BALLE-DA-PIR,Level crossing gate fault,1,7,2026-08-24 15:22:14.288111,,PENDING,0.3673
194,SIGNAL_TELECOM,7875,BJE_JOC,BJE,BHOJUDIH JN.,JOC,JOYCHANDI PA,Signal aspect failure,4,14,2026-08-17 15:15:14.288111,,PENDING,0.3925
195,TRACTION_DISTRIBUTION,20091,HG_TLT,HG,HOTGI JN.,TLT,TILATI,Pantograph interaction issue,3,31,2026-07-31 18:15:14.288111,,PENDING,0.2616
196,SIGNAL_TELECOM,16495,DRL_KRSA,DRL,DEROL,KRSA,KHARSALIYA,Cable/communication fault,4,11,2026-08-20 15:43:14.288111,,PENDING,0.3382
197,SIGNAL_TELECOM,14537,KCT_DHE,KCT,KERAKAT (HAL,DHE,DHOBHI,Level crossing gate fault,3,30,2026-08-02 03:59:14.288111,,PENDING,0.3038
198,ENGINEERING,25317,MJT_BRJ,MJT,MAJERHAT,BRJ,BRACE BRIDGE,Formation/subgrade issue,4,19,2026-08-12 18:04:14.288111,,PENDING,0.6541
199,TRACTION_DISTRIBUTION,25220,KGS_TGQ,KGS,KHONGSARA,TGQ,TENGANMADA,Traction substation fault,5,18,2026-08-14 07:13:14.288111,,PENDING,0.3673
200,TRACTION_DISTRIBUTION,835,TLM_PV,TLM,TIRUSULAM,PV,PALLAVARAM,Pantograph interaction issue,3,6,2026-08-25 08:18:14.288111,,PENDING,0.93
201,SIGNAL_TELECOM,26329,VN_AB,VN,VANIYAMBADI,AB,AMBUR,Signal aspect failure,1,26,2026-08-05 18:23:14.288111,,PENDING,0.4147
202,ENGINEERING,6519,TLD_BYT,TLD,TILDA,BYT,BHATAPARA,Rail wear (flange/gauge),2,5,2026-08-27 03:17:14.288111,,PENDING,0.4981
203,SIGNAL_TELECOM,13721,KWH_KFK,KWH,KACHHWA ROAD,KFK,KATKA,Cable/communication fault,4,8,2026-08-24 01:15:14.288111,,PENDING,0.3382
204,ENGINEERING,14692,MZGI_ALJN,MZGI,MANJUR GADI,ALJN,ALIGARH JN.,Ballast degradation,4,25,2026-08-07 00:27:14.288111,,PENDING,0.3038
205,ENGINEERING,26526,KEP_PRTN,KEP,KELANPUR,PRTN,PRATAP NAGAR,Rail fracture,3,12,2026-08-19 11:49:14.288111,,PENDING,0.3038
206,SIGNAL_TELECOM,525,KQD_LKPL,KQD,KHAIRATABAD,LKPL,LAKDI KA PUL,Level crossing gate fault,5,4,2026-08-27 13:26:14.288111,,PENDING,0.6419
207,TRACTION_DISTRIBUTION,3299,SNO_VNJ,SNO,SOMANUR,VNJ,VANJIPALAIYA,Insulator flashover/damage,5,11,2026-08-20 21:26:14.288111,,PENDING,0.3038
208,SIGNAL_TELECOM,8235,DZB_KNNK,DZB,DAHINA-ZAINA,KNNK,KANINA KHAS,Level crossing gate fault,3,56,2026-07-07 00:29:14.288111,,PENDING,0.4147
209,TRACTION_DISTRIBUTION,2353,HMZ_UPA,HMZ,HINDMOTOR,UPA,UTTARPARA,Feeder/circuit breaker fault,4,38,2026-07-24 10:31:14.288111,,PENDING,0.8988
210,ENGINEERING,27150,SPGR_AMSA,SPGR,SAMPIGE ROAD,AMSA,AMMASANDRA,Ballast degradation,4,3,2026-08-28 17:28:14.288111,,PENDING,0.3038
211,SIGNAL_TELECOM,9306,KPP_SJP,KPP,KALA PIPAL,SJP,SHUJALPUR,Interlocking fault,5,6,2026-08-25 19:53:14.288111,,PENDING,0.4147
212,ENGINEERING,20197,GDB_BHX,GDB,GIDDARBAHA,BHX,BULLUANA,Ballast degradation,4,10,2026-08-21 16:45:14.288111,,PENDING,0.3673
213,SIGNAL_TELECOM,6708,KLGN_RASP,KLGN,KALANGANI,RASP,RASIPURAM,Point machine malfunction,1,15,2026-08-16 11:43:14.288111,,PENDING,0.2074
214,ENGINEERING,10941,BRYA_DMRX,BRYA,BARHIYA,DMRX,DUMARI HALT,Ballast degradation,2,12,2026-08-19 23:42:14.288111,,PENDING,0.3382
215,ENGINEERING,14600,YPR_HUP,YPR,YESVANTPUR J,HUP,HINDUPUR,Formation/subgrade issue,2,90,2026-06-03 06:52:14.288111,,PENDING,0.3925
216,ENGINEERING,20992,MJF_CVB,MJF,MALKAJGIRI,CVB,CAVALRY BARR,Fastening/clip failure,4,5,2026-08-26 20:30:14.288111,,PENDING,0.1308
217,ENGINEERING,4474,SMKR_PKRH,SMKR,SHAM KAURIA,PKRH,PARSA KERWA,Track geometry deviation (twist/alignment),3,21,2026-08-10 19:43:14.288111,,PENDING,0.2074
218,TRACTION_DISTRIBUTION,7300,ASE_BGZ,ASE,ASAUDAH,BGZ,BAHADURGARH,Traction substation fault,4,9,2026-08-22 12:38:14.288111,,PENDING,0.4981
219,SIGNAL_TELECOM,24958,PRWS_TI,PRWS,PATTABIRAM W,TI,TIRUNINRAVUR,Level crossing gate fault,4,0,2026-09-01 03:09:14.288111,,PENDING,0.8198
220,TRACTION_DISTRIBUTION,799,MKN_KMNC,MKN,MAKRANA JN.,KMNC,KUCHAMAN CIT,Insulator flashover/damage,3,1,2026-08-31 01:23:14.288111,,PENDING,0.4841
221,ENGINEERING,18936,KYN_NK,KYN,KALYAN JN,NK,NASIK ROAD,Rail fracture,3,5,2026-08-26 07:24:14.288111,,PENDING,0.5834
222,TRACTION_DISTRIBUTION,15329,VPY_BBQ,VPY,VEYSARPADI,BBQ,BASIN BRIDGE,Pantograph interaction issue,3,3,2026-08-28 07:49:14.288111,,PENDING,0.8534
223,SIGNAL_TELECOM,25555,HBW_PNI,HBW,HABIBWALA,PNI,PURAINI,Signal aspect failure,3,3,2026-08-28 14:35:14.288111,,PENDING,0.2616
224,SIGNAL_TELECOM,16134,UR_TMX,UR,UMDANAGAR,TMX,TIMMAPUR,Cable/communication fault,4,1,2026-08-30 09:39:14.288111,,PENDING,0.4526
225,ENGINEERING,3542,ANCR_CJN,ANCR,ANCHURI PH,CJN,CHHATNA,Track geometry deviation (twist/alignment),3,57,2026-07-05 12:03:14.288111,,PENDING,0.3925
226,TRACTION_DISTRIBUTION,10901,RSWT_QMRS,RSWT,RAMGARH SHEK,QMRS,KAYAMSAR,Insulator flashover/damage,3,1,2026-08-30 19:34:14.288111,,PENDING,0.1308
227,SIGNAL_TELECOM,26041,DOL_SIHO,DOL,DHOLI,SIHO,SIHO,Interlocking fault,2,20,2026-08-11 21:51:14.288111,,PENDING,0.3673
228,SIGNAL_TELECOM,7346,BJU_LKR,BJU,BARAUNI JN.,LKR,LUCKEESARAI,Level crossing gate fault,1,2,2026-08-29 21:25:14.288111,,PENDING,0.2074
229,ENGINEERING,12401,GTNR_BNZ,GTNR,GOMTINAGAR F,BNZ,BADSHAHNAGAR,Formation/subgrade issue,3,18,2026-08-13 23:16:14.288111,,PENDING,0.4526
230,ENGINEERING,18624,VKH_SNSL,VKH,VIKHRAN ROAD,SNSL,SHONSELU,Ballast degradation,3,20,2026-08-11 17:20:14.288111,,PENDING,0.2074
231,SIGNAL_TELECOM,17682,BPW_BAB,BPW,BURHPURA,BAB,BABINA,Point machine malfunction,4,2,2026-08-30 01:07:14.288111,,PENDING,0.2616
232,ENGINEERING,11149,DWDI_TKND,DWDI,DIGHWA DUBAU,TKND,TRIVIKARAMDE,Formation/subgrade issue,4,10,2026-08-21 16:13:14.288111,,PENDING,0.2074
233,SIGNAL_TELECOM,26067,JHS_CNB,JHS,JHANSI JN,CNB,KANPUR CENTR,Signal aspect failure,2,29,2026-08-02 12:12:14.288111,,PENDING,0.2074
234,ENGINEERING,23877,KDTN_KDG,KDTN,KADETHAN,KDG,KEDGAON,Track geometry deviation (twist/alignment),4,8,2026-08-23 18:17:14.288111,,PENDING,0.4346
235,TRACTION_DISTRIBUTION,18721,SBV_SBM,SBV,SIMRI BAKHTI,SBM,SONBARSA KAC,Feeder/circuit breaker fault,2,36,2026-07-27 01:44:14.288111,,PENDING,0.4346
236,SIGNAL_TELECOM,3052,DGLE_NILE,DGLE,DHULIAN GANG,NILE,NIMTITA,Point machine malfunction,3,32,2026-07-30 20:14:14.288111,,PENDING,0.3038
237,TRACTION_DISTRIBUTION,13729,ROU_KRMD,ROU,ROURKELA,KRMD,KUARMUNDA,Feeder/circuit breaker fault,3,8,2026-08-23 15:00:14.288111,,PENDING,0.1308
238,ENGINEERING,152,JBB_GRHM,JBB,JAMBUR,GRHM,GIR GADHADA,Formation/subgrade issue,3,11,2026-08-20 19:42:14.288111,,PENDING,0.2074
239,TRACTION_DISTRIBUTION,14456,MPO_KRJR,MPO,MANPUR JN.,KRJR,KARJARA,Mast/structure damage,4,13,2026-08-18 10:21:14.288111,,PENDING,0.3925
240,TRACTION_DISTRIBUTION,4831,STN_BCQ,STN,SITARAMPUR J,BCQ,BARACHAK JN.,Traction substation fault,3,10,2026-08-22 00:25:14.288111,,PENDING,0.5233
241,SIGNAL_TELECOM,15128,CGH_BPRS,CGH,CHOLANG,BPRS,BHOGPUR SIRW,Track circuit failure,2,90,2026-06-02 13:36:14.288111,,PENDING,0.2616
242,SIGNAL_TELECOM,7801,RQP_GHNH,RQP,RADHA KISHOR,GHNH,GHANTIKAL NI,Point machine malfunction,3,24,2026-08-07 12:41:14.288111,,PENDING,0.2074
243,TRACTION_DISTRIBUTION,8438,AWR_MWW,AWR,ALWAR JN.,MWW,MAHWA,OHE wire wear/breakage,4,6,2026-08-26 02:13:14.288111,,PENDING,0.2616
244,SIGNAL_TELECOM,3730,JUDW_YJUD,JUDW,JAGADHRI WOR,YJUD,YAMUNANAGER,Cable/communication fault,3,24,2026-08-07 09:51:14.288111,,PENDING,0.5557
245,SIGNAL_TELECOM,995,BUW_CKG,BUW,BURHWAL JN.,CKG,CHOWKA GHAT,Interlocking fault,3,1,2026-08-30 16:59:14.288111,,PENDING,0.3038
246,TRACTION_DISTRIBUTION,15440,MJTA_VKA,MJTA,MAJITHA,VKA,VERKA JN.,Traction substation fault,4,4,2026-08-27 20:08:14.288111,,PENDING,0.3038
247,TRACTION_DISTRIBUTION,9849,VJR_SED,VJR,VIJAYA NAGAR,SED,SHEDBAL,Mast/structure damage,3,8,2026-08-23 09:55:14.288111,,PENDING,0.3382
248,ENGINEERING,7462,AY_GGJ,AY,AYODHYA,GGJ,GOSHAINGANJ,Track geometry deviation (twist/alignment),4,3,2026-08-28 21:28:14.288111,,PENDING,0.469
249,SIGNAL_TELECOM,8790,GGD_RPK,GGD,GULLAGUDA,RPK,RAVALPALLI K,Level crossing gate fault,2,16,2026-08-16 04:48:14.288111,,PENDING,0.4147
250,ENGINEERING,12000,PLU_NKDO,PLU,PATAKOTTACHE,NKDO,NAKKANADODDI,Weld defect,3,7,2026-08-24 11:01:14.288111,,PENDING,0.2616
251,TRACTION_DISTRIBUTION,19451,KII_PO,KII,KILLE,PO,PARANGIPPETT,Mast/structure damage,3,25,2026-08-06 16:56:14.288111,,PENDING,0.2616
252,ENGINEERING,1920,KPQ_CAN,KPQ,KANNAPURAM,CAN,KANNUR,Fastening/clip failure,4,2,2026-08-30 04:59:14.288111,,PENDING,0.4147
253,SIGNAL_TELECOM,8600,MBL_VKT,MBL,MANUBOLU,VKT,VENKATACHALE,Signal aspect failure,5,14,2026-08-17 12:31:14.288111,,PENDING,0.3925
254,ENGINEERING,22400,TNP_KOK,TNP,TONDIARPET,KOK,KORUKKUPET,Weld defect,2,2,2026-08-29 15:16:14.288111,,PENDING,0.7493
255,TRACTION_DISTRIBUTION,10294,MTU_MALM,MTU,MATMARI,MALM,MANTHRALAYAM,Insulator flashover/damage,4,35,2026-07-28 06:34:14.288111,,PENDING,0.2616
256,SIGNAL_TELECOM,12227,KVU_CRY,KVU,KADAKAVUR,CRY,CHIRAYINKIL,Cable/communication fault,1,7,2026-08-24 22:34:14.288111,,PENDING,0.469
257,ENGINEERING,22239,ASH_LJN,ASH,AISHBAGH,LJN,LUCKNOW JN.,Rail fracture,4,1,2026-08-31 01:17:14.288111,,PENDING,0.3038
258,SIGNAL_TELECOM,14357,KPV_RHN,KPV,KASHIPUR JN,RHN,ROSHANPUR,Cable/communication fault,3,1,2026-08-30 19:21:14.288111,,PENDING,0.2074
259,ENGINEERING,9419,CHKE_THKU,CHKE,CHALLAKERE,THKU,THALAKU,Weld defect,2,16,2026-08-15 16:14:14.288111,,PENDING,0.2074
260,TRACTION_DISTRIBUTION,16464,BTRA_SPN,BTRA,BANTHRA,SPN,SHAHJAHANPUR,Pantograph interaction issue,3,10,2026-08-21 19:33:14.288111,,PENDING,0.3382
261,SIGNAL_TELECOM,8011,KY_GAR,KY,KARELI,GAR,GADARWARA,Interlocking fault,4,10,2026-08-22 06:00:14.288111,,PENDING,0.4526
262,SIGNAL_TELECOM,21490,NZM_OKA,NZM,HAZRAT NIZAMUDDIN JN,OKA,OKHLA,Track circuit failure,3,4,2026-08-27 12:02:14.288111,,PENDING,0.6149
263,TRACTION_DISTRIBUTION,20715,TADA_AKM,TADA,TADA,AKM,ARAMBAKKAM,Feeder/circuit breaker fault,2,25,2026-08-06 21:23:14.288111,,PENDING,0.5557
264,SIGNAL_TELECOM,21592,KMZA_HRO,KMZA,KANKRA MIRZA,HRO,HARUA ROAD,Level crossing gate fault,4,0,2026-08-31 17:53:14.288111,,PENDING,0.5918
265,ENGINEERING,8111,HVR_KJG,HVR,HAVERI,KJG,KARAJGI,Fastening/clip failure,3,20,2026-08-12 06:51:14.288111,,PENDING,0.3925
266,TRACTION_DISTRIBUTION,10415,BIJ_KLNP,BIJ,BIRNAGAR,KLNP,KALINARAYANP,Traction substation fault,3,1,2026-08-31 01:44:14.288111,,PENDING,0.6221
267,SIGNAL_TELECOM,15170,BRP_MAK,BRP,BARUIPUR JN.,MAK,MALLIKPUR,Track circuit failure,2,9,2026-08-22 09:00:14.288111,,PENDING,0.8149
268,SIGNAL_TELECOM,645,RTA_BRRG,RTA,RUTHIYAI JN,BRRG,BIYAVRA RAJG,Track circuit failure,5,32,2026-07-31 00:35:14.288111,,PENDING,0.3673
269,TRACTION_DISTRIBUTION,14845,MOB_PAPM,MOB,MANOHARABAD,PAPM,PALATPOTARAM,Insulator flashover/damage,2,7,2026-08-24 15:33:14.288111,,PENDING,0.3038
270,SIGNAL_TELECOM,3036,SSC_LUA,SSC,SHAHI,LUA,LALAURI KHER,Point machine malfunction,4,5,2026-08-26 11:23:14.288111,,PENDING,0.3038
271,TRACTION_DISTRIBUTION,11679,KRR_VRQ,KRR,KARUR JN.,VRQ,VIRARAKKIYAM,Pantograph interaction issue,2,10,2026-08-21 20:10:14.288111,,PENDING,0.3382
272,TRACTION_DISTRIBUTION,10277,PVPT_RGDA,PVPT,PARVATIPURAM,RGDA,RAYAGADA JN.,Feeder/circuit breaker fault,4,34,2026-07-28 20:57:14.288111,,PENDING,0.4346
273,SIGNAL_TELECOM,9155,DNRE_UREN,DNRE,DHANAURI,UREN,UREN,Level crossing gate fault,4,48,2026-07-15 00:16:14.288111,,PENDING,0.3673
274,TRACTION_DISTRIBUTION,15906,ALNI_DDV,ALNI,ALNIYA,DDV,DADHDEVI,Insulator flashover/damage,3,1,2026-08-30 10:24:14.288111,,PENDING,0.3382
275,SIGNAL_TELECOM,3855,HPU_KALI,HPU,HAPUR JN.,KALI,KAILI,Point machine malfunction,4,4,2026-08-27 22:28:14.288111,,PENDING,0.2616
276,SIGNAL_TELECOM,3238,GWL_SVPI,GWL,GWALIOR JN,SVPI,SHIVPURI,Point machine malfunction,2,26,2026-08-06 00:25:14.288111,,PENDING,0.4147
277,SIGNAL_TELECOM,9129,JID_AJRE,JID,JAGI ROAD,AJRE,AUJURI,Track circuit failure,3,23,2026-08-08 12:06:14.288111,,PENDING,0.2074
278,TRACTION_DISTRIBUTION,21814,LBTL_BGRD,LBTL,LEBUTALA,BGRD,BELIAGHATA R,Pantograph interaction issue,3,14,2026-08-17 08:45:14.288111,,PENDING,0.5918
279,TRACTION_DISTRIBUTION,3552,EKL_ETW,EKL,EKDIL,ETW,ETAWAH,Feeder/circuit breaker fault,3,8,2026-08-23 17:36:14.288111,,PENDING,0.2616
280,SIGNAL_TELECOM,19946,PMPE_SINA,PMPE,PAMPORA,SINA,SRINAGAR,Point machine malfunction,3,21,2026-08-10 16:24:14.288111,,PENDING,0.4526
281,SIGNAL_TELECOM,6731,CWI_JUNX,CWI,CHONDI,JUNX,JUNONA HALT,Interlocking fault,3,22,2026-08-09 12:36:14.288111,,PENDING,0.2616
282,ENGINEERING,6638,DKM_LHL,DKM,DIKOM,LHL,LAHOAL,Track geometry deviation (twist/alignment),5,9,2026-08-23 04:11:14.288111,,PENDING,0.2074
283,ENGINEERING,341,BSKH_CNPI,BSKH,BASUKINATH,CNPI,CHANDANPAHAR,Fastening/clip failure,4,8,2026-08-23 12:40:14.288111,,PENDING,0.2616
284,SIGNAL_TELECOM,3295,SHDM_MOY,SHDM,SHAHABAD MAR,MOY,MOHRI,Point machine malfunction,3,4,2026-08-27 16:46:14.288111,,PENDING,0.4147
285,TRACTION_DISTRIBUTION,27537,KIUL_LKR,KIUL,KIUL JN.,LKR,LUCKEESARAI,Traction substation fault,1,4,2026-08-27 16:42:14.288111,,PENDING,0.6815
286,TRACTION_DISTRIBUTION,16070,TPJ_DG,TPJ,TIRUCHIRAPPA,DG,DINDIGUL JN,Insulator flashover/damage,3,39,2026-07-23 22:53:14.288111,,PENDING,0.5918
287,TRACTION_DISTRIBUTION,28025,ASKN_GUNA,ASKN,ASHOK NAGAR,GUNA,GUNA,Insulator flashover/damage,3,13,2026-08-18 08:20:14.288111,,PENDING,0.4981
288,ENGINEERING,9431,BAE_CDL,BAE,BALIAKHERI,CDL,CHODIALA,Formation/subgrade issue,3,10,2026-08-22 05:47:14.288111,,PENDING,0.1308
289,ENGINEERING,23673,KWC_GRH,KWC,KUNDWA CHAIN,GRH,GHORASAHAN,Formation/subgrade issue,4,8,2026-08-23 17:27:14.288111,,PENDING,0.3038
290,ENGINEERING,6869,KHGR_KWDP,KHGR,KASHINAGAR-H,KWDP,KWAKDWIP,Rail fracture,3,3,2026-08-28 23:19:14.288111,,PENDING,0.5233
291,TRACTION_DISTRIBUTION,27866,NCH_MXN,NCH,NAKACHARI,MXN,MARIANI JN.,Mast/structure damage,4,8,2026-08-24 01:08:14.288111,,PENDING,0.3038
292,TRACTION_DISTRIBUTION,19365,SW_KRYA,SW,SEHRAMAU,KRYA,KURRAIYA,Pantograph interaction issue,1,0,2026-08-31 20:39:14.288111,,PENDING,0.3382
293,SIGNAL_TELECOM,20870,OMLF_MLFC,OMLF,OLD MALDA,MLFC,MALDA COURT,Cable/communication fault,1,11,2026-08-20 21:25:14.288111,,PENDING,0.3382
294,TRACTION_DISTRIBUTION,27875,SBPD_RAIR,SBPD,SAMBALPUR RO,RAIR,RAIRAKHOL,Traction substation fault,5,38,2026-07-24 17:26:14.288111,,PENDING,0.3382
295,TRACTION_DISTRIBUTION,12545,GBD_HUP,GBD,GAURIBIDANUR,HUP,HINDUPUR,Pantograph interaction issue,3,6,2026-08-25 21:14:14.288111,,PENDING,0.4526
296,TRACTION_DISTRIBUTION,24901,BRD_G,BRD,BHANDARA RD,G,GONDIA JN.,Mast/structure damage,3,4,2026-08-28 01:18:14.288111,,PENDING,0.3038
297,ENGINEERING,12043,KSJ_FGR,KSJ,KASGANJ JN.,FGR,FATEHGARH,Track geometry deviation (twist/alignment),2,13,2026-08-19 02:25:14.288111,,PENDING,0.1308
298,SIGNAL_TELECOM,9445,HRE_LRB,HRE,HIRODIH,LRB,LARABAD BH,Cable/communication fault,5,65,2026-06-28 05:57:14.288111,,PENDING,0.1308
299,SIGNAL_TELECOM,12868,CHI_PNVL,CHI,CHIPLUN,PNVL,PANVEL,Point machine malfunction,4,14,2026-08-17 21:19:14.288111,,PENDING,0.4526
300,SIGNAL_TELECOM,1559,PRTP_MTC,PRTP,PARTAPUR,MTC,MEERUT CITY,Point machine malfunction,3,1,2026-08-31 01:36:14.288111,,PENDING,0.4147
301,ENGINEERING,3836,HRS_JLS,HRS,HATHRAS JN.,JLS,JALESAR ROAD,Fastening/clip failure,3,0,2026-08-31 11:15:14.288111,,PENDING,0.2074
302,SIGNAL_TELECOM,7572,KHRK_BMLL,KHRK,KHARAK,BMLL,BAMLA,Level crossing gate fault,4,53,2026-07-10 05:50:14.288111,,PENDING,0.3382
303,ENGINEERING,24395,KGQ_CAN,KGQ,KASARAGOD,CAN,KANNUR,Fastening/clip failure,4,25,2026-08-06 22:00:14.288111,,PENDING,0.5347
304,ENGINEERING,14859,MDG_KDX,MDG,MANDALGHAT,KDX,KADABARI HAT,Weld defect,3,0,2026-08-31 22:01:14.288111,,PENDING,0.2616
305,SIGNAL_TELECOM,14478,BSL_JBP,BSL,BHUSAVAL JN.,JBP,JABALPUR,Signal aspect failure,3,18,2026-08-13 22:46:14.288111,,PENDING,0.1308
306,ENGINEERING,1917,SC_BN,SC,SECUNDERABAD,BN,BIBINAGAR,Formation/subgrade issue,5,31,2026-08-01 07:12:14.288111,,PENDING,0.2616
307,ENGINEERING,14500,MDP_MUW,MDP,MADHUPUR JN.,MUW,MATHURA PUR,Track geometry deviation (twist/alignment),2,2,2026-08-29 08:50:14.288111,,PENDING,0.4526
308,TRACTION_DISTRIBUTION,3910,SOL_BOF,SOL,SOLAN,BOF,BAROG,Insulator flashover/damage,4,6,2026-08-25 07:53:14.288111,,PENDING,0.2616
309,SIGNAL_TELECOM,1520,KDH_TGH,KDH,KHARDAHA,TGH,TITA GARH,Cable/communication fault,4,0,2026-09-01 04:34:14.288111,,PENDING,0.8819
310,TRACTION_DISTRIBUTION,1809,RSM_MUP,RSM,RASMARA,MUP,MURHIPAR,Insulator flashover/damage,4,15,2026-08-16 10:13:14.288111,,PENDING,0.4147
311,TRACTION_DISTRIBUTION,20211,GBQ_ATS,GBQ,GODBHAGA,ATS,ATTABIRA,Pantograph interaction issue,3,6,2026-08-26 06:30:14.288111,,PENDING,0.2074
312,SIGNAL_TELECOM,18635,RNG_KPK,RNG,RANI GANJ,KPK,KALI PAHARI,Interlocking fault,2,6,2026-08-25 18:32:14.288111,,PENDING,0.5111
313,TRACTION_DISTRIBUTION,5718,HKL_NMH,HKL,HARKIA KHAL,NMH,NIMACH,Traction substation fault,4,3,2026-08-29 06:33:14.288111,,PENDING,0.2616
314,ENGINEERING,13122,CCH_PMP,CCH,CHINCHVAD,PMP,PIMPRI,Weld defect,3,5,2026-08-26 20:14:14.288111,,PENDING,0.6221
315,TRACTION_DISTRIBUTION,1023,BMGA_PCR,BMGA,BHIMGARA JN.,PCR,PANCHRA,OHE wire wear/breakage,5,11,2026-08-20 16:26:14.288111,,PENDING,0.3673
316,SIGNAL_TELECOM,6627,TSS_MFM,TSS,TALLI SAIDA,MFM,MAHALAM,Level crossing gate fault,4,24,2026-08-08 00:15:14.288111,,PENDING,0.3382
317,SIGNAL_TELECOM,12081,CGN_PTSC,CGN,CHIRGAON,PTSC,PARICHA THER,Track circuit failure,3,6,2026-08-26 04:32:14.288111,,PENDING,0.2074
318,TRACTION_DISTRIBUTION,14961,TL_NRI,TL,TILONIYA,NRI,NARAINA,OHE wire wear/breakage,5,56,2026-07-06 13:40:14.288111,,PENDING,0.1308
319,SIGNAL_TELECOM,863,GPX_PJH,GPX,GAUTAMPURA R,PJH,PIRJHALAR,Level crossing gate fault,2,5,2026-08-26 23:53:14.288111,,PENDING,0.3038
320,TRACTION_DISTRIBUTION,3089,PLPM_OTP,PLPM,PALAPPURAM H,OTP,OTTAPPALAM,Pantograph interaction issue,3,11,2026-08-21 00:03:14.288111,,PENDING,0.3673
321,TRACTION_DISTRIBUTION,17432,KBM_DGB,KBM,KOTABOMMALI,DGB,DANDU GOPALA,Insulator flashover/damage,2,6,2026-08-25 22:09:14.288111,,PENDING,0.2616
322,TRACTION_DISTRIBUTION,773,PATL_BTA,PATL,PATEL HALT,BTA,BIHTA,Pantograph interaction issue,3,18,2026-08-14 06:52:14.288111,,PENDING,0.3382
323,ENGINEERING,14680,RMGM_BID,RMGM,RAMANAGARAM,BID,BIDADI,Fastening/clip failure,5,18,2026-08-13 08:44:14.288111,,PENDING,0.4147
324,SIGNAL_TELECOM,9961,HC_PRES,HC,HINDU COLLEG,PRES,PATTABIRAM E,Cable/communication fault,1,10,2026-08-22 01:04:14.288111,,PENDING,0.8123
325,ENGINEERING,1808,HPLE_GIF,HPLE,HATPURAINI H,GIF,GANI DHAM HA,Rail fracture,2,14,2026-08-18 06:49:14.288111,,PENDING,0.3382
326,TRACTION_DISTRIBUTION,2441,CPD_KFF,CPD,CHINCHPADA,KFF,KOLDE,Mast/structure damage,4,8,2026-08-24 04:59:14.288111,,PENDING,0.2074
327,SIGNAL_TELECOM,16749,YPR_TK,YPR,YESVANTPUR J,TK,TUMKUR,Point machine malfunction,3,18,2026-08-13 10:34:14.288111,,PENDING,0.6355
328,SIGNAL_TELECOM,21722,RV_BSL,RV,RAVER,BSL,BHUSAVAL JN.,Track circuit failure,3,25,2026-08-07 04:10:14.288111,,PENDING,0.3382
329,SIGNAL_TELECOM,15211,BHC_JJKR,BHC,BHADRAKH,JJKR,JAJPUR KEONJ,Track circuit failure,4,20,2026-08-11 19:25:14.288111,,PENDING,0.6962
330,TRACTION_DISTRIBUTION,22379,KRMI_VEN,KRMI,KARMALI,VEN,VERNA,OHE wire wear/breakage,4,19,2026-08-12 14:18:14.288111,,PENDING,0.3038
331,ENGINEERING,27593,KIP_IHP,KIP,KHALILPUR,IHP,INCHHAPURI,Track geometry deviation (twist/alignment),5,3,2026-08-28 09:33:14.288111,,PENDING,0.4346
332,ENGINEERING,17387,GMO_MRQ,GMO,NSC BOSE J G,MRQ,MATARI,Track geometry deviation (twist/alignment),1,27,2026-08-04 20:07:14.288111,,PENDING,0.3925
333,ENGINEERING,12029,DUI_SAG,DUI,DHURI JN.,SAG,SANGRUR,Weld defect,3,16,2026-08-15 13:43:14.288111,,PENDING,0.469
334,TRACTION_DISTRIBUTION,26619,DRG_BLG,DRG,DARSHANNAGAR,BLG,BILHAR GHAT,Traction substation fault,2,5,2026-08-26 12:52:14.288111,,PENDING,0.2074
335,SIGNAL_TELECOM,22792,KSHT_CMDG,KSHT,KHETIA,CMDG,CHAMARDIGHI,Point machine malfunction,4,7,2026-08-25 03:44:14.288111,,PENDING,0.3925
336,SIGNAL_TELECOM,2694,FM_UR,FM,FALAKNUMA,UR,UMDANAGAR,Cable/communication fault,2,22,2026-08-10 06:57:14.288111,,PENDING,0.1308
337,SIGNAL_TELECOM,10597,PT_GHH,PT,PATLI,GHH,GARHI HARSAR,Point machine malfunction,4,5,2026-08-27 04:56:14.288111,,PENDING,0.4346
338,TRACTION_DISTRIBUTION,487,HX_KKM,HX,CUDDAPAH,KKM,KAMALAPURAM,Pantograph interaction issue,3,24,2026-08-07 19:57:14.288111,,PENDING,0.3925
339,SIGNAL_TELECOM,22772,SGP_BGTA,SGP,SOHAGPUR,BGTA,BAGRATAWA,Signal aspect failure,4,10,2026-08-21 11:32:14.288111,,PENDING,0.2074
340,TRACTION_DISTRIBUTION,11620,OND_RRP,OND,AUNLAJORI JN,RRP,RAIRANGPUR,Mast/structure damage,4,10,2026-08-21 20:12:14.288111,,PENDING,0.1308
341,ENGINEERING,25037,GTU_PRLI,GTU,GHATNANDUR,PRLI,PARLI VAIJNA,Rail wear (flange/gauge),4,0,2026-08-31 19:55:14.288111,,PENDING,0.3038
342,ENGINEERING,5360,PVN_VRI,PVN,PUVANUR,VRI,VRIDHA CHALA,Rail fracture,2,33,2026-07-29 09:09:14.288111,,PENDING,0.1308
343,SIGNAL_TELECOM,23072,SKRI_RPR,SKRI,SIKARIA HALT,RPR,RAGHUNATHPUR,Track circuit failure,3,38,2026-07-24 10:45:14.288111,,PENDING,0.2616
344,SIGNAL_TELECOM,1504,BHTS_SSD,BHTS,BHATASA (HAL,SSD,SHAMSABAD,Point machine malfunction,1,2,2026-08-29 07:34:14.288111,,PENDING,0.2616
345,TRACTION_DISTRIBUTION,3725,GCT_BUI,GCT,GHAZIPUR CIT,BUI,BALLIA,Pantograph interaction issue,3,26,2026-08-05 08:38:14.288111,,PENDING,0.4346
346,ENGINEERING,23578,BLN_SDAH,BLN,BALLYGUNGE J,SDAH,SEALDAH,Fastening/clip failure,4,11,2026-08-20 19:06:14.288111,,PENDING,0.9327
347,ENGINEERING,1411,JET_SC,JET,JAMES STREET,SC,SECUNDERABAD,Track geometry deviation (twist/alignment),3,16,2026-08-15 17:44:14.288111,,PENDING,0.671
348,ENGINEERING,27119,PKQ_AAM,PKQ,PATTIKKAD HA,AAM,ANGADIPURAM,Weld defect,3,31,2026-07-31 20:54:14.288111,,PENDING,0.3925
349,ENGINEERING,22021,VYA_KRAI,VYA,VYARA,KRAI,KAHER,Rail wear (flange/gauge),4,2,2026-08-30 01:43:14.288111,,PENDING,0.2074
350,SIGNAL_TELECOM,21983,VTE_NDY,VTE,VENKATAGIRIK,NDY,NANDI,Track circuit failure,4,54,2026-07-08 21:57:14.288111,,PENDING,0.2074
351,TRACTION_DISTRIBUTION,10973,BEML_BWT,BEML,BEML NAGAR,BWT,BANGARPET JN,OHE wire wear/breakage,3,1,2026-08-30 14:44:14.288111,,PENDING,0.469
352,TRACTION_DISTRIBUTION,9029,HME_PTTN,HME,HAMRE,PTTN,PATTAN,Traction substation fault,4,6,2026-08-25 14:51:14.288111,,PENDING,0.4147
353,SIGNAL_TELECOM,26923,KAWL_NUPR,KAWL,KANDWAL,NUPR,NURPUR ROAD,Cable/communication fault,4,20,2026-08-11 12:21:14.288111,,PENDING,0.3382
354,TRACTION_DISTRIBUTION,3405,SEV_MMH,SEV,SITHALAVAI H,MMH,MAHADANAPURA,Feeder/circuit breaker fault,2,25,2026-08-06 12:22:14.288111,,PENDING,0.3382
355,ENGINEERING,6242,MSMD_R,MSMD,MAHASAMUND,R,RAIPUR JN.,Fastening/clip failure,3,4,2026-08-27 15:42:14.288111,,PENDING,0.4981
356,SIGNAL_TELECOM,10187,ARK_GPJ,ARK,ARAKU,GPJ,GORAPUR,Cable/communication fault,2,7,2026-08-25 05:33:14.288111,,PENDING,0.1308
357,TRACTION_DISTRIBUTION,16888,SEG_MKU,SEG,SHEGAON,MKU,MALKAPUR,Insulator flashover/damage,5,1,2026-08-30 13:36:14.288111,,PENDING,0.4147
358,SIGNAL_TELECOM,2301,MLND_NHU,MLND,MULUND,NHU,NAHUR,Signal aspect failure,2,20,2026-08-11 18:05:14.288111,,PENDING,0.9737
359,SIGNAL_TELECOM,14642,PB_BAP,PB,PUNTAMBA,BAP,BELAPUR,Track circuit failure,4,3,2026-08-28 20:41:14.288111,,PENDING,0.2616
360,SIGNAL_TELECOM,20951,VLR_VT,VLR,VELLORE CANT,VT,VELLORE TOWN,Point machine malfunction,4,19,2026-08-12 15:10:14.288111,,PENDING,0.3382
361,SIGNAL_TELECOM,21054,DSPT_LCR,DSPT,DANISHPET,LCR,LOKUR,Track circuit failure,3,6,2026-08-25 17:07:14.288111,,PENDING,0.3038
362,SIGNAL_TELECOM,10519,BPL_NGP,BPL,BHOPAL,NGP,NAGPUR JN.(CR),Point machine malfunction,2,38,2026-07-24 22:50:14.288111,,PENDING,0.4841
363,TRACTION_DISTRIBUTION,19354,CAT_DMZ,CAT,CHATTAR HAT,DMZ,DUMDANGI,Feeder/circuit breaker fault,5,30,2026-08-01 13:08:14.288111,,PENDING,0.1308
364,TRACTION_DISTRIBUTION,11217,PW_KKNA,PW,PIRWA,KKNA,KHUNKHUNA,OHE wire wear/breakage,3,8,2026-08-23 18:38:14.288111,,PENDING,0.2616
365,SIGNAL_TELECOM,13873,CHRU_KEMR,CHRU,CHAMRUA,KEMR,KEMRI (HALT),Signal aspect failure,4,5,2026-08-26 18:13:14.288111,,PENDING,0.1308
366,SIGNAL_TELECOM,11587,BAMA_BR,BAMA,BIRAMBAD,BR,BANDH BARETH,Interlocking fault,2,9,2026-08-23 05:20:14.288111,,PENDING,0.3038
367,SIGNAL_TELECOM,18772,LKDU_CTPR,LKDU,LANKALAKODER,CTPR,CHINTA PARRU,Interlocking fault,4,6,2026-08-25 21:25:14.288111,,PENDING,0.2074
368,ENGINEERING,4134,KP_BRD,KP,KAMPTEE,BRD,BHANDARA RD,Formation/subgrade issue,5,4,2026-08-27 08:59:14.288111,,PENDING,0.3925
369,SIGNAL_TELECOM,16237,PSE_MTGE,PSE,PUSAULI,MTGE,MUTHANI,Level crossing gate fault,3,48,2026-07-14 10:23:14.288111,,PENDING,0.3038
370,SIGNAL_TELECOM,830,HD_PAL,HD,HARDA,PAL,PALASNER,Cable/communication fault,5,4,2026-08-27 10:02:14.288111,,PENDING,0.2074
371,ENGINEERING,20056,SDAH_BWN,SDAH,SEALDAH,BWN,BARDDHAMAN J,Rail fracture,4,8,2026-08-23 20:49:14.288111,,PENDING,0.3382
372,TRACTION_DISTRIBUTION,5690,TRO_KWN,TRO,TIRORA,KWN,KACHEWANI,OHE wire wear/breakage,1,1,2026-08-30 11:01:14.288111,,PENDING,0.3382
373,ENGINEERING,11851,BWN_PAN,BWN,BARDDHAMAN J,PAN,PANA GARH,Rail fracture,4,3,2026-08-29 01:47:14.288111,,PENDING,0.4346
374,SIGNAL_TELECOM,24409,JNU_BTP,JNU,JAUNPUR JN.,BTP,BABATPUR,Interlocking fault,3,6,2026-08-26 06:27:14.288111,,PENDING,0.1308
375,ENGINEERING,12985,MBS_GYN,MBS,MADHOSINGH,GYN,GYANPUR ROAD,Weld defect,2,3,2026-08-28 19:45:14.288111,,PENDING,0.2616
376,TRACTION_DISTRIBUTION,16813,ILA_TVN,ILA,SILAIMAN,TVN,TIRUPPUVANAM,Pantograph interaction issue,4,7,2026-08-25 00:50:14.288111,,PENDING,0.2616
377,TRACTION_DISTRIBUTION,19141,LJN_MKG,LJN,LUCKNOW JN.,MKG,MANAK NAGAR,Traction substation fault,4,0,2026-09-01 07:12:14.288111,,PENDING,0.3382
378,SIGNAL_TELECOM,17769,IDH_AF,IDH,IDGAH,AF,AGRA  FORT,Track circuit failure,4,1,2026-08-31 01:24:14.288111,,PENDING,0.4981
379,SIGNAL_TELECOM,22140,AYRN_CKRD,AYRN,AKSHAYWAT RA,CKRD,CHAKMAKRAND,Track circuit failure,3,1,2026-08-31 03:23:14.288111,,PENDING,0.3673
380,SIGNAL_TELECOM,5687,KCN_BEP,KCN,KARCHANA,BEP,BHEERPUR,Signal aspect failure,3,6,2026-08-25 10:42:14.288111,,PENDING,0.3038
381,ENGINEERING,10783,SEQ_BNN,SEQ,SEKHA,BNN,BARNALA,Track geometry deviation (twist/alignment),1,1,2026-08-30 20:01:14.288111,,PENDING,0.3038
382,SIGNAL_TELECOM,4281,ALPR_KRNT,ALPR,ALAM PUR ROA,KRNT,KURNOOL TOWN,Track circuit failure,5,11,2026-08-20 09:42:14.288111,,PENDING,0.2616
383,SIGNAL_TELECOM,17712,PUS_BRMO,PUS,PHUSRO,BRMO,BERMO,Interlocking fault,5,16,2026-08-16 03:35:14.288111,,PENDING,0.1308
384,ENGINEERING,4773,KIUL_RMPR,KIUL,KIUL JN.,RMPR,RAMPUR  HALT,Ballast degradation,5,0,2026-08-31 10:18:14.288111,,PENDING,0.3925
385,TRACTION_DISTRIBUTION,20035,MDLA_IRA,MDLA,MUDLANA,IRA,ISRANA HALT,Mast/structure damage,4,0,2026-08-31 19:05:14.288111,,PENDING,0.1308
386,SIGNAL_TELECOM,8891,KQU_BLAE,KQU,KAMARKUNDU J,BLAE,BALARAMBATI,Interlocking fault,1,2,2026-08-30 00:54:14.288111,,PENDING,0.6656
387,SIGNAL_TELECOM,8916,AST_PWL,AST,ASAOTI,PWL,PALWAL,Signal aspect failure,4,31,2026-08-01 02:59:14.288111,,PENDING,0.5998
388,SIGNAL_TELECOM,232,KGQ_KMQ,KGQ,KASARAGOD,KMQ,KUMBLA,Interlocking fault,3,14,2026-08-18 05:58:14.288111,,PENDING,0.4147
389,ENGINEERING,5776,BPKA_BHTL,BPKA,BHOPALKA,BHTL,BHATEL,Rail wear (flange/gauge),3,14,2026-08-17 20:50:14.288111,,PENDING,0.2074
390,TRACTION_DISTRIBUTION,20133,MKA_BGS,MKA,MOKAMA JN.,BGS,BEGU SARAI,Pantograph interaction issue,2,2,2026-08-29 11:58:14.288111,,PENDING,0.1308
391,TRACTION_DISTRIBUTION,2466,MTNL_MKY,MTNL,MUTTARASANAL,MKY,MEKKUDI HALT,Pantograph interaction issue,3,3,2026-08-28 13:06:14.288111,,PENDING,0.2616
392,TRACTION_DISTRIBUTION,13744,HMZ_KOG,HMZ,HINDMOTOR,KOG,KONNAGAR,Insulator flashover/damage,4,3,2026-08-28 08:42:14.288111,,PENDING,0.8939
393,ENGINEERING,8140,DRTP_DRH,DRTP,DASHARATHPUR,DRH,DHARHARA,Weld defect,4,11,2026-08-21 02:17:14.288111,,PENDING,0.4841
394,ENGINEERING,8018,BSL_MMR,BSL,BHUSAVAL JN.,MMR,MANMAD JN.,Ballast degradation,4,7,2026-08-24 19:13:14.288111,,PENDING,0.7054
395,ENGINEERING,15079,KIG_DTE,KIG,KOLAGHAT,DTE,DEULTI,Track geometry deviation (twist/alignment),3,6,2026-08-25 15:33:14.288111,,PENDING,0.7306
396,TRACTION_DISTRIBUTION,1799,CLO_NOK,CLO,CHILO,NOK,NOKHA,Mast/structure damage,4,3,2026-08-28 19:22:14.288111,,PENDING,0.2074
397,TRACTION_DISTRIBUTION,10695,JKR_MTY,JKR,JAULKHERA,MTY,MULTAI,Traction substation fault,3,36,2026-07-27 00:32:14.288111,,PENDING,0.2074
398,SIGNAL_TELECOM,27403,MMS_SUDV,MMS,MANDASA ROAD,SUDV,SUMMA DEVI,Level crossing gate fault,4,3,2026-08-28 08:00:14.288111,,PENDING,0.3038
399,TRACTION_DISTRIBUTION,4845,DXG_AN,DXG,DHARANGAON,AN,AMALNER,Feeder/circuit breaker fault,1,27,2026-08-04 11:46:14.288111,,PENDING,0.2616
400,SIGNAL_TELECOM,1850,OML_SMDT,OML,OMALUR,SMDT,SEMMANDAPATT,Cable/communication fault,4,5,2026-08-26 21:04:14.288111,,PENDING,0.2074
401,SIGNAL_TELECOM,1968,JDR_MCO,JDR,JIWDHARA,MCO,MOTIHARI COU,Level crossing gate fault,1,8,2026-08-24 06:10:14.288111,,PENDING,0.3382
402,SIGNAL_TELECOM,18088,HLX_BHZ,HLX,HILARA,BHZ,BIHARA,Cable/communication fault,3,32,2026-07-30 07:27:14.288111,,PENDING,0.1308
403,SIGNAL_TELECOM,22358,AIT_PRN,AIT,AIT JN,PRN,PARAUNA,Track circuit failure,3,7,2026-08-24 20:08:14.288111,,PENDING,0.2074
404,ENGINEERING,12891,BSWD_JIR,BSWD,BHENSWADI,JIR,JIRA ROAD,Rail wear (flange/gauge),5,9,2026-08-23 01:16:14.288111,,PENDING,0.2074
405,ENGINEERING,10632,KHS_SKT,KHS,KHARSIA,SKT,SAKTI,Formation/subgrade issue,1,0,2026-08-31 22:38:14.288111,,PENDING,0.3673
406,TRACTION_DISTRIBUTION,8614,LBI_SWJ,LBI,LILABARI,SWJ,SIAJULI,Traction substation fault,3,14,2026-08-17 08:34:14.288111,,PENDING,0.3038
407,SIGNAL_TELECOM,22597,SHNX_BOBS,SHNX,SHEOSINGHPUR,BOBS,BOBAS,Signal aspect failure,3,50,2026-07-12 21:22:14.288111,,PENDING,0.1308
408,SIGNAL_TELECOM,20591,RDUM_HTZ,RDUM,RAMPUR DUMRA,HTZ,HATHIDAH JN,Signal aspect failure,3,1,2026-08-30 10:10:14.288111,,PENDING,0.4526
409,ENGINEERING,14,DSA_VVB,DSA,DELHI-SHAHDA,VVB,VIVEK VIHAR,Rail wear (flange/gauge),5,2,2026-08-29 10:54:14.288111,,PENDING,0.6419
410,ENGINEERING,23015,HX_YA,HX,CUDDAPAH,YA,YERRA GUNTLA,Ballast degradation,3,7,2026-08-25 02:47:14.288111,,PENDING,0.5455
411,ENGINEERING,17941,PNE_KPLE,PNE,PRANTIK,KPLE,KOPAI,Weld defect,4,21,2026-08-10 22:51:14.288111,,PENDING,0.4526
412,SIGNAL_TELECOM,9280,VGA_EKM,VGA,VEPAGUNTA,EKM,EKAMBARAKUPP,Track circuit failure,3,11,2026-08-20 12:51:14.288111,,PENDING,0.2616
413,SIGNAL_TELECOM,18350,SXC_BHKA,SXC,SONDALIA,BHKA,BAHIRA KALIB,Interlocking fault,3,38,2026-07-25 04:22:14.288111,,PENDING,0.5918
414,SIGNAL_TELECOM,19441,NAT_AKN,NAT,NATHNAGAR,AKN,AKBARNAGAR,Point machine malfunction,3,12,2026-08-19 18:06:14.288111,,PENDING,0.2616
415,SIGNAL_TELECOM,3442,LBO_SKSO,LBO,LATABOR,SKSO,SIKOSA,Cable/communication fault,2,11,2026-08-21 04:20:14.288111,,PENDING,0.3038
416,TRACTION_DISTRIBUTION,517,BNC_BNCE,BNC,BANGALORE CA,BNCE,BANGALORE EA,Insulator flashover/damage,1,40,2026-07-22 08:07:14.288111,,PENDING,0.5111
417,SIGNAL_TELECOM,3521,SPJ_BJU,SPJ,SAMASTIPUR J,BJU,BARAUNI JN.,Cable/communication fault,3,17,2026-08-14 23:12:14.288111,,PENDING,0.6481
418,ENGINEERING,14873,MPF_JRQ,MPF,MUIRPUR ROAD,JRQ,JHAROKHAS,Fastening/clip failure,2,28,2026-08-03 18:28:14.288111,,PENDING,0.2074
419,TRACTION_DISTRIBUTION,26116,JRC_KUPR,JRC,JALANDHAR CA,KUPR,KHURDPUR,Mast/structure damage,3,3,2026-08-28 14:30:14.288111,,PENDING,0.1308
420,ENGINEERING,4972,MTH_KBR,MTH,MATAUNDH,KBR,KABRAI,Track geometry deviation (twist/alignment),4,45,2026-07-17 14:12:14.288111,,PENDING,0.2074
421,ENGINEERING,7246,HNU_SGZ,HNU,HANSPURA,SGZ,SHAMGARH,Rail wear (flange/gauge),2,18,2026-08-13 23:06:14.288111,,PENDING,0.2074
422,ENGINEERING,19006,FDB_NZM,FDB,FARIDABAD,NZM,HAZRAT NIZAMUDDIN JN,Weld defect,5,56,2026-07-07 04:17:14.288111,,PENDING,0.6355
423,ENGINEERING,24014,RJN_DURG,RJN,RAJNANDGAON,DURG,DURG,Rail fracture,1,12,2026-08-19 09:19:14.288111,,PENDING,0.6289
424,SIGNAL_TELECOM,19810,PTA_KLI,PTA,PATIALA,KLI,KAULI,Signal aspect failure,2,28,2026-08-03 10:00:14.288111,,PENDING,0.1308
425,SIGNAL_TELECOM,27068,KKP_WDJ,KKP,KOT KAPURA J,WDJ,WANDER JATAN,Cable/communication fault,4,3,2026-08-28 22:10:14.288111,,PENDING,0.3382
426,TRACTION_DISTRIBUTION,26036,KER_CKYD,KER,KIRIHARAPUR,CKYD,CHAKRA ROAD,Feeder/circuit breaker fault,4,17,2026-08-14 23:18:14.288111,,PENDING,0.2616
427,ENGINEERING,26489,UMB_SRE,UMB,AMBALA CANTT JN,SRE,SAHARANPUR J,Formation/subgrade issue,1,0,2026-09-01 04:10:14.288111,,PENDING,0.5746
428,SIGNAL_TELECOM,19172,PV_STM,PV,PALLAVARAM,STM,ST. THOMAS M,Point machine malfunction,3,16,2026-08-16 05:57:14.288111,,PENDING,0.6289
429,TRACTION_DISTRIBUTION,11021,KIR_KNE,KIR,KATIHAR JN.,KNE,KISHANGANJ,Feeder/circuit breaker fault,5,14,2026-08-17 18:44:14.288111,,PENDING,0.4526
430,TRACTION_DISTRIBUTION,9025,PP_PRSP,PP,PURANPUR,PRSP,PRASADPUR (H,OHE wire wear/breakage,1,5,2026-08-26 14:54:14.288111,,PENDING,0.3038
431,ENGINEERING,1956,DDJ_BARN,DDJ,DUM DUM JN.,BARN,BARANAGAR RO,Track geometry deviation (twist/alignment),4,13,2026-08-18 18:18:14.288111,,PENDING,0.5998
432,TRACTION_DISTRIBUTION,16622,TNA_CSMT,TNA,THANE,CSMT,CST-MUMBAI,Insulator flashover/damage,3,21,2026-08-10 21:01:14.288111,,PENDING,0.2074
433,ENGINEERING,5723,CHA_KNN,CHA,CHAWAPAIL,KNN,KHANNA,Weld defect,4,4,2026-08-27 09:52:14.288111,,PENDING,0.3038
434,SIGNAL_TELECOM,7797,BCK_KGP,BCK,BALICHAK,KGP,KHARAGPUR,Level crossing gate fault,4,9,2026-08-22 12:35:14.288111,,PENDING,0.3382
435,SIGNAL_TELECOM,22315,GVN_KVR,GVN,GODAVRI,KVR,KOVVUR,Interlocking fault,4,12,2026-08-20 01:27:14.288111,,PENDING,0.4147
436,ENGINEERING,27012,NDV_DBS,NDV,NIDVANDA,DBS,DOBBSPET,Weld defect,1,23,2026-08-09 02:29:14.288111,,PENDING,0.3673
437,ENGINEERING,13841,MKN_DNA,MKN,MAKRANA JN.,DNA,DEGANA JN.,Rail wear (flange/gauge),3,9,2026-08-22 13:44:14.288111,,PENDING,0.5455
438,TRACTION_DISTRIBUTION,27099,BRGA_BRPL,BRGA,BARGARH ROAD,BRPL,BARPALI,Mast/structure damage,1,33,2026-07-30 00:39:14.288111,,PENDING,0.4147
439,SIGNAL_TELECOM,8539,FD_DYD,FD,FAIZABAD JN.,DYD,DARYABAD,Interlocking fault,3,24,2026-08-07 22:19:14.288111,,PENDING,0.1308
440,TRACTION_DISTRIBUTION,5305,KRL_RIG,KRL,KOTARLIA,RIG,RAIGARH,Pantograph interaction issue,5,13,2026-08-18 15:55:14.288111,,PENDING,0.3038
441,ENGINEERING,23030,LCT_NLN,LCT,LANGCHOLIET,NLN,NAILALUNG,Weld defect,2,7,2026-08-24 21:52:14.288111,,PENDING,0.1308
442,ENGINEERING,3610,DQG_NMX,DQG,DHUPGURI,NMX,NEW MAYNAGUR,Ballast degradation,4,22,2026-08-09 23:23:14.288111,,PENDING,0.2616
443,TRACTION_DISTRIBUTION,13719,BMF_PAU,BMF,BASMAT,PAU,PURNA  JN.,Feeder/circuit breaker fault,3,25,2026-08-06 13:29:14.288111,,PENDING,0.4147
444,ENGINEERING,10316,CNGR_MVLK,CNGR,CHENGANNUR,MVLK,MAVELIKARA,Track geometry deviation (twist/alignment),1,2,2026-08-29 12:32:14.288111,,PENDING,0.6221
445,ENGINEERING,23749,NGW_RTM,NGW,NAUGANWAN,RTM,RATLAM JN,Track geometry deviation (twist/alignment),3,15,2026-08-16 13:09:14.288111,,PENDING,0.3038
446,TRACTION_DISTRIBUTION,15516,VRLR_ERL,VRLR,VIRANI ALUR,ERL,ERANIEL,Feeder/circuit breaker fault,2,4,2026-08-28 06:29:14.288111,,PENDING,0.3382
447,SIGNAL_TELECOM,16459,MBE_BLAE,MBE,MIRZAPUR BAN,BLAE,BALARAMBATI,Interlocking fault,3,3,2026-08-29 07:13:14.288111,,PENDING,0.6541
448,SIGNAL_TELECOM,23547,PES_AUBR,PES,PHESAR,AUBR,ANUGRAH NARA,Interlocking fault,3,11,2026-08-21 02:31:14.288111,,PENDING,0.3925
449,ENGINEERING,17691,GGN_BWSN,GGN,GURGAON,BWSN,BIJWASAN,Fastening/clip failure,2,25,2026-08-06 09:41:14.288111,,PENDING,0.4841
450,TRACTION_DISTRIBUTION,25972,NZM_TKJ,NZM,HAZRAT NIZAMUDDIN JN,TKJ,TILAK BRIDGE,Pantograph interaction issue,2,9,2026-08-23 01:49:14.288111,,PENDING,0.6075
451,ENGINEERING,4783,NRG_SQQ,NRG,NERGUNDI JN.,SQQ,SALAGAON,Ballast degradation,3,23,2026-08-08 16:39:14.288111,,PENDING,0.2074
452,TRACTION_DISTRIBUTION,3008,BELA_NYM,BELA,BELA,NYM,NEYAMATPUR H,Insulator flashover/damage,2,8,2026-08-23 21:16:14.288111,,PENDING,0.3038
453,ENGINEERING,14787,JAN_BKRO,JAN,JARANGDIH,BKRO,BOKARO THERM,Weld defect,1,2,2026-08-30 00:46:14.288111,,PENDING,0.2616
454,SIGNAL_TELECOM,19622,GKC_GKP,GKC,GORAKHPUR CA,GKP,GORAKHPUR JN,Track circuit failure,4,18,2026-08-13 15:18:14.288111,,PENDING,0.5347
455,TRACTION_DISTRIBUTION,2212,BXR_MGS,BXR,BUXAR,MGS,MUGHAL SARAI,Mast/structure damage,3,41,2026-07-21 22:14:14.288111,,PENDING,0.5746
456,ENGINEERING,14649,KGP_HWH,KGP,KHARAGPUR,HWH,HOWRAH JN.,Fastening/clip failure,4,18,2026-08-14 02:01:14.288111,,PENDING,0.6075
457,ENGINEERING,27653,SDF_NPS,SDF,SUDSAR,NPS,NAPASAR,Track geometry deviation (twist/alignment),3,22,2026-08-09 16:11:14.288111,,PENDING,0.2616
458,TRACTION_DISTRIBUTION,12876,ANPR_KRLR,ANPR,ANPARA,KRLR,KARAILA ROAD,Insulator flashover/damage,3,13,2026-08-18 07:35:14.288111,,PENDING,0.2616
459,SIGNAL_TELECOM,13668,BSCK_NDJ,BSCK,BASUCHAK HAL,NDJ,NANDGANJ,Track circuit failure,5,3,2026-08-28 20:52:14.288111,,PENDING,0.3925
460,TRACTION_DISTRIBUTION,27705,RANI_FA,RANI,RANI,FA,FALNA,Mast/structure damage,1,1,2026-08-30 18:49:14.288111,,PENDING,0.469
461,ENGINEERING,5369,RMV_UPL,RMV,RAMAVARAPPAD,UPL,UPPALUR,Fastening/clip failure,4,2,2026-08-29 19:22:14.288111,,PENDING,0.1308
462,SIGNAL_TELECOM,17955,SASN_CDG,SASN,SAHIBZADA AJ,CDG,CHANDIGARH,Track circuit failure,3,9,2026-08-22 20:35:14.288111,,PENDING,0.4346
463,TRACTION_DISTRIBUTION,21487,MDJN_AII,MDJN,MADAR JN,AII,AJMER JN.,Mast/structure damage,4,26,2026-08-06 05:53:14.288111,,PENDING,0.3382
464,TRACTION_DISTRIBUTION,8324,BNC_KJM,BNC,BANGALORE CA,KJM,KRISHNA RAJA,Traction substation fault,5,11,2026-08-20 17:59:14.288111,,PENDING,0.5654
465,SIGNAL_TELECOM,25553,BIML_KLH,BIML,BHIMAL,KLH,KHEMLI,Signal aspect failure,4,4,2026-08-27 13:36:14.288111,,PENDING,0.2616
466,SIGNAL_TELECOM,28077,SPPR_MAY,SPPR,SHUDNIPUR,MAY,MARIAHU,Interlocking fault,3,23,2026-08-08 15:38:14.288111,,PENDING,0.2074
467,TRACTION_DISTRIBUTION,3086,SEE_CPR,SEE,SONPUR JN.,CPR,CHHAPRA JN.,Mast/structure damage,1,1,2026-08-31 03:59:14.288111,,PENDING,0.6221
468,TRACTION_DISTRIBUTION,16364,BLS_ROP,BLS,BALASORE,ROP,RUPSA JN.,Insulator flashover/damage,3,2,2026-08-29 16:26:14.288111,,PENDING,0.2074
469,SIGNAL_TELECOM,10982,AH_BTE,AH,ACHHNERA JN.,BTE,BHARATPUR JN,Level crossing gate fault,3,31,2026-07-31 20:40:14.288111,,PENDING,0.5455
470,SIGNAL_TELECOM,20166,KJT_CHOK,KJT,KARJAT,CHOK,CHAUK,Interlocking fault,2,29,2026-08-02 16:35:14.288111,,PENDING,0.1308
471,TRACTION_DISTRIBUTION,1051,LKPL_HYB,LKPL,LAKDI KA PUL,HYB,HYDERABAD DE,Mast/structure damage,4,4,2026-08-27 23:31:14.288111,,PENDING,0.6419
472,TRACTION_DISTRIBUTION,26851,QLN_PRND,QLN,QUILON,PRND,PERINAD,Traction substation fault,4,16,2026-08-15 23:44:14.288111,,PENDING,0.4526
473,TRACTION_DISTRIBUTION,5346,PRU_JNE,PRU,PARLU,JNE,JANIYANA,Traction substation fault,1,11,2026-08-20 08:15:14.288111,,PENDING,0.2616
474,TRACTION_DISTRIBUTION,26152,ACOI_LKJN,ACOI,CHHEOKI,LKJN,LINK JN CABI,Traction substation fault,3,0,2026-08-31 22:12:14.288111,,PENDING,0.1308
475,ENGINEERING,17933,AABH_ATNR,AABH,AMBIKA BHAWA,ATNR,AWATARNAGAR,Weld defect,3,21,2026-08-10 17:28:14.288111,,PENDING,0.2074
476,TRACTION_DISTRIBUTION,25916,SGO_NOI,SGO,SAUGOR,NOI,NARIAOLI,Traction substation fault,1,10,2026-08-21 15:04:14.288111,,PENDING,0.1308
477,SIGNAL_TELECOM,23240,PP_UDKN,PP,PURANPUR,UDKN,UDAYPUR KHUR,Interlocking fault,3,3,2026-08-28 22:52:14.288111,,PENDING,0.3038
478,TRACTION_DISTRIBUTION,8390,GOP_BNVD,GOP,GOP JAM,BNVD,BHANVAD,Pantograph interaction issue,3,29,2026-08-02 18:05:14.288111,,PENDING,0.3038
479,ENGINEERING,1552,BRNA_NAD,BRNA,BERAWANYA,NAD,NAGDA JN,Rail wear (flange/gauge),2,24,2026-08-07 21:39:14.288111,,PENDING,0.3673
480,ENGINEERING,22119,NWH_DOB,NWH,NAWALGARH,DOB,DUNDLOD MUKA,Rail fracture,3,5,2026-08-26 09:33:14.288111,,PENDING,0.2616
481,ENGINEERING,27548,GHSR_PJY,GHSR,GHASARA HALT,PJY,PARJANI  HAL,Rail wear (flange/gauge),3,9,2026-08-23 01:31:14.288111,,PENDING,0.1308
482,SIGNAL_TELECOM,27029,BPRD_RNY,BPRD,BARPETA ROAD,RNY,RANGIYA JN.,Track circuit failure,4,3,2026-08-28 13:21:14.288111,,PENDING,0.4526
483,ENGINEERING,26801,LKO_HRI,LKO,LUCKNOW JN.,HRI,HARDOI,Rail wear (flange/gauge),2,12,2026-08-19 11:16:14.288111,,PENDING,0.469
484,ENGINEERING,6553,ROI_DCP,ROI,REOTI,DCP,DAL CHAPRA F,Track geometry deviation (twist/alignment),3,6,2026-08-25 22:01:14.288111,,PENDING,0.2616
485,ENGINEERING,2887,CLX_TEL,CLX,CHIRALA,TEL,TENALI JN.,Track geometry deviation (twist/alignment),3,5,2026-08-27 02:51:14.288111,,PENDING,0.4841
486,SIGNAL_TELECOM,15829,GKM_CEM,GKM,GUNDLAKAMMA,CEM,CHEEKATEEGAL,Track circuit failure,5,5,2026-08-26 12:20:14.288111,,PENDING,0.3382
487,TRACTION_DISTRIBUTION,25061,SOR_KTRA,SOR,SONAGIR,KTRA,KOTRA,Mast/structure damage,3,13,2026-08-18 19:53:14.288111,,PENDING,0.2074
488,ENGINEERING,887,MRJ_HTK,MRJ,MIRAJ JN.,HTK,HATKANANGALE,Track geometry deviation (twist/alignment),4,3,2026-08-28 11:28:14.288111,,PENDING,0.2616
489,SIGNAL_TELECOM,16984,BTKD_MEQ,BTKD,BHARATKUND,MEQ,MALETHU KANA,Level crossing gate fault,3,27,2026-08-04 11:47:14.288111,,PENDING,0.2074
490,ENGINEERING,10069,LNW_KFX,LNW,LAKHANWARA,KFX,KOCHEWAHI,Rail fracture,3,5,2026-08-26 09:09:14.288111,,PENDING,0.3382
491,TRACTION_DISTRIBUTION,10671,RTG_SN,RTG,RANGTONG,SN,SUKNA,Insulator flashover/damage,4,20,2026-08-11 16:37:14.288111,,PENDING,0.1308
492,SIGNAL_TELECOM,18257,KLBA_TNH,KLBA,KALAMBHA,TNH,TINKHEDA,Interlocking fault,2,15,2026-08-16 15:57:14.288111,,PENDING,0.2074
493,SIGNAL_TELECOM,4444,KSU_CHRA,KSU,KUSTAUR,CHRA,CHHARRA,Cable/communication fault,2,17,2026-08-14 07:30:14.288111,,PENDING,0.4841
494,ENGINEERING,15148,DDJ_BNXR,DDJ,DUM DUM JN.,BNXR,BIDHANNAGAR,Weld defect,2,27,2026-08-04 09:31:14.288111,,PENDING,0.9943
495,ENGINEERING,24589,UBL_KNO,UBL,HUBLI JN.,KNO,KUNDGOL,Rail wear (flange/gauge),2,4,2026-08-27 14:53:14.288111,,PENDING,0.3382
496,SIGNAL_TELECOM,16977,NMJ_KYV,NMJ,NIDAMANGALAM,KYV,KOYILVENNI H,Track circuit failure,2,17,2026-08-14 22:34:14.288111,,PENDING,0.3382
497,TRACTION_DISTRIBUTION,8278,TEL_BPP,TEL,TENALI JN.,BPP,BAPATIA,Traction substation fault,3,7,2026-08-24 07:44:14.288111,,PENDING,0.4346
498,SIGNAL_TELECOM,324,CVP_TEN,CVP,KOVILPATTI,TEN,TIRUNELVELI JN,Point machine malfunction,1,11,2026-08-20 10:43:14.288111,,PENDING,0.4147
499,TRACTION_DISTRIBUTION,9303,KGP_HIJ,KGP,KHARAGPUR,HIJ,HIJLI,Traction substation fault,5,18,2026-08-13 20:46:14.288111,,PENDING,0.4346
500,TRACTION_DISTRIBUTION,23026,GIL_PJP,GIL,GAISAL,PJP,PANJIPARA,OHE wire wear/breakage,2,0,2026-08-31 22:27:14.288111,,PENDING,0.2616
